#																		
#   VizieR Astronomical Server vizier.u-strasbg.fr																		
#    Date: 2020-04-16T07:20:39 [V1.99+ (14-Oct-2013)]																		
#   In case of problem, please report to:	cds-question@unistra.fr																	
#																		
#																		
#Coosys	J2000:	eq_FK5 J2000																
#INFO	votable-version=1.99+ (14-Oct-2013)																	
#INFO	-ref=VIZ5e98072b62f2																	
#INFO	-out.max=9999																	
#INFO	queryParameters=30																	
#-oc.form=dec																		
#-out.max=9999																		
#-nav=cat:J/AJ/152/113&tab:{J/AJ/152/113/table2}&key:source=J/AJ/152/113/table2&HTTPPRM:&																		
#-c.eq=J2000																		
#-c.r=  2																		
#-c.u=arcmin																		
#-c.geom=r																		
#-source=J/AJ/152/113/table2																		
#-order=I																		
#-out.orig=standard																		
#-out=EPIC																		
#-out=RAJ2000																		
#-out=DEJ2000																		
#-out=Vmag																		
#-out=Ksmag																		
#-out=(V-K)0																		
#-out=Prot																		
#-out=Per2																		
#-out=Per3																		
#-out=Per4																		
#-out=Amp																		
#-out=LC																		
#-out=Mm																		
#-out=LPer																		
#-out=H10																		
#-out=vsini																		
#-out=PapIII																		
#-out=PapII																		
#-out=Fig																		
#Fig=Fig																		
#																		
																		
#RESOURCE=yCat_51520113																		
#Name: J/AJ/152/113																		
#Title: Pleiades members with K2 light curves. I. Periods (Rebull+, 2016)																		
#Table	J_AJ_152_113_table2:																	
#Name: J/AJ/152/113/table2																		
#Title: Periods and supporting data for periodic Pleiades members																		
#Column	EPIC	(I9)	Number in the Ecliptic Plane Input Catalog (EPIC) for K2 (1)	[ucd=meta.id;meta.main]														
#Column	RAJ2000	(F9.5)	Right Ascension in decimal degrees (J2000)	[ucd=pos.eq.ra;meta.main]														
#Column	DEJ2000	(F9.5)	Declination in decimal degrees (J2000)	[ucd=pos.eq.dec;meta.main]														
#Column	Vmag	(F5.2)	[6.7/20.8]? The V-band magnitude (in Vega mag), if observed (G1)	[ucd=phot.mag;em.opt.V]														
#Column	Ksmag	(F5.2)	[6.2/14.5] The 2MASS Ks (K-short) band magnitude (in Vega mag), if observed (G1)	[ucd=phot.mag;em.IR.K]														
#Column	(V-K)0	(F5.2)	[-0.2/7.2] Dereddened V-Ks, (V-K_s_)_0_, color index (directly observed, if V and K_s_ exist, or inferred) (vmk0) (G1)	[ucd=phot.color;em.opt.V;em.IR.K]														
#Column	Prot	(F7.4)	[0.035/22.2] Primary period, taken to be rotation period (P1) (2)	[ucd=time.period]														
#Column	Per2	(F7.4)	[0.03/9.7]? Secondary period (P2) (3)	[ucd=time.period]														
#Column	Per3	(F7.4)	[0.036/6]? Tertiary period (P3) (3)	[ucd=time.period]														
#Column	Per4	(F7.4)	[0.03/11]? Quaternary period (P4) (3)	[ucd=time.period]														
#Column	Amp	(F6.3)	[0.001/0.6] Amplitude of the 10th to 90th percentile (ampl) (4)	[ucd=phot.mag]														
#Column	LC	(I1)	"Light curve used as ""best"" (1, 2, 3, or 4) (5)"	[ucd=meta.code]														
#Column	Mm	(A4)	Pleiades membership indicator (best or ok) (G2)	[ucd=meta.code.member;instr.setup]														
#Column	LPer	(F5.2)	[0.1/11.3]? Literature (rotation) period, if available (Plit) (6)	[ucd=time.period]														
#Column	H10	(I3)	Display the data from the HATNet Pleiades Rotation Period Catalogue of Hartman et al. 2010 (Cat. J/MNRAS/408/475) within 1.5'' [NULL integer written as an empty string]	[ucd=meta.ref.url]														
#Column	vsini	(F5.1)	[2.4/140]? Literature rotational velocity, if available (refer to Section 2.3.2 in the paper for details)	[ucd=phys.veloc.rotat]														
#Column	PapIII	(I3)	Indicates a Pleiades star in Paper III (Stauffer et al. 2016, Cat. J/AJ/152/115) [NULL integer written as an empty string]	[ucd=meta.number]														
#Column	PapII	(I3)	Indicates a periodic Pleiades in Paper II (Rebull et al. 2016, Cat. J/AJ/152/114) [NULL integer written as an empty string]	[ucd=meta.number]														
#Column	Fig	(A3)	Figure (original light curve in units of flux, power spectrum, and phased light curve in relative flux for each viable period, for up to a total of four periods)	[ucd=meta.ref.url]														
EPIC	RAJ2000	DEJ2000	Vmag	Ksmag	(V-K)0	Prot	Per2	Per3	Per4	Amp	LC	Mm	LPer	H10	vsini	PapIII	PapII	Fig
210991540	52.95768	22.84023	     	12.75	5.1	0.5749	       	       	       	0.059	2	best	0.57	0	     	1	1	Fig
211016313	53.03274	23.23265	     	12.25	5.05	0.3193	       	       	       	0.056	1	best	     	0	     	1	1	Fig
211029135	53.15753	23.43315	     	13.06	5.76	0.286	       	       	       	0.032	4	best	     	0	     	1	1	Fig
211037397	53.17625	23.56679	     	12.54	5.58	0.499	0.3167	       	       	0.023	1	best	     	0	     	1	1	Fig
210946764	53.27427	22.13423	11.36	9.43	1.82	5.766	       	       	       	0.011	4	best	     	0	     	1	1	Fig
211002011	53.30793	23.00647	11.98	9.67	2.2	7.6495	6.9112	       	       	0.028	3	best	7.07	1	     	1	1	Fig
210997742	53.45748	22.93891	     	13.29	5.21	0.3744	       	       	       	0.037	2	ok  	     	0	     	1	1	Fig
210989751	53.58063	22.8118	     	13.93	6.39	0.713	       	       	       	0.033	1	best	     	0	     	1	1	Fig
210943453	53.7289	22.07963	16.17	11.57	4.49	0.8275	       	       	       	0.021	2	best	0.83	1	     	1	1	Fig
211051561	53.81775	23.7995	     	13.19	5.81	0.4725	       	       	       	0.038	1	best	     	0	     	1	1	Fig
210990525	53.88203	22.82362	9.86	8.54	1.21	2.7953	1.4205	3.3298	       	0.005	1	best	     	0	20.5	1	1	Fig
210966931	53.93439	22.45278	     	12.02	4.8	1.8867	       	       	       	0.017	1	ok  	     	0	     	1	1	Fig
210964488	53.94331	22.41391	     	13.27	5.7	0.4939	       	       	       	0.026	1	best	     	0	     	1	1	Fig
210817078	53.95093	20.12871	     	11.96	5.15	0.6623	       	       	       	0.054	1	ok  	     	0	     	1	1	Fig
211051975	54.04608	23.80651	     	13.08	5.69	0.549	       	       	       	0.063	1	best	     	0	     	1	1	Fig
210977505	54.10133	22.62379	14.14	10.56	3.47	11.1805	       	       	       	0.015	4	best	11.28	1	     	1	1	Fig
211065162	54.12626	24.01222	12.26	9.9	2.25	7.551	       	       	       	0.035	3	best	7.41	1	     	1	1	Fig
211010818	54.15996	23.14569	     	13.27	5.84	0.304	       	       	       	0.036	1	best	     	0	     	1	1	Fig
210940129	54.18378	22.02753	     	12.92	6.07	0.727	0.7903	       	       	0.015	1	best	     	0	     	1	1	Fig
211013159	54.31882	23.1846	     	12.55	5.3	0.4487	       	       	       	0.03	1	best	     	0	     	1	1	Fig
210960579	54.3502	22.35098	9.22	7.9	1.21	3.3876	       	       	       	0.011	1	best	     	0	     	1	1	Fig
211013046	54.40448	23.18281	     	12.81	5.33	0.358	       	       	       	0.063	1	best	     	0	     	1	1	Fig
210956678	54.42226	22.28872	     	13.07	5.85	0.5602	       	       	       	0.029	1	best	     	0	     	1	1	Fig
211025925	54.48504	23.38248	     	12.07	4.98	0.8969	       	       	       	0.013	1	best	     	0	     	1	1	Fig
210969800	54.59409	22.49969	10.06	8.7	1.25	2.1116	2.2119	       	       	0.019	2	best	2.3	1	24.4	1	1	Fig
211008438	54.59741	23.10811	15.25	11.04	4.1	3.7479	       	       	       	0.032	2	best	3.77	1	     	1	1	Fig
210803812	54.79251	19.92528	     	12.21	5.27	1.7999	       	       	       	0.013	1	best	     	0	     	1	1	Fig
211081065	54.88464	24.26705	     	12.2	5.24	0.72	       	       	       	0.034	1	best	0.72	0	     	1	1	Fig
211058468	54.92796	23.90776	17.9	12.41	5.38	0.7734	       	       	       	0.039	1	best	     	0	     	1	1	Fig
210946466	54.93408	22.12941	     	11.89	4.71	1.081	       	       	       	0.042	1	best	     	0	     	1	1	Fig
210979439	54.9366	22.65432	     	12.73	5.5	0.6961	       	       	       	0.016	1	best	     	0	     	1	1	Fig
211063235	54.94306	23.98144	16.85	11.83	4.91	1.1377	       	       	       	0.058	1	best	1.14	1	     	1	1	Fig
211054634	54.9499	23.84916	17.23	11.83	5.29	0.3847	0.447	       	       	0.029	1	best	     	0	40	1	1	Fig
211049486	54.96112	23.76463	     	13.5	5.97	0.5572	       	       	       	0.035	3	best	     	0	     	1	1	Fig
211077682	54.98	24.21509	     	13.45	5.9	0.3291	       	       	       	0.026	1	best	     	0	     	1	1	Fig
210978953	55.02917	22.64658	19.2	13.05	6.04	0.482	       	       	       	0.032	1	best	0.48	0	     	1	1	Fig
211077833	55.02958	24.21767	     	13.54	5.84	0.4198	       	       	       	0.023	1	best	     	0	     	1	1	Fig
211088075	55.06632	24.37546	     	13.81	6.24	1.2224	       	       	       	0.052	1	best	     	0	     	1	1	Fig
211058381	55.0785	23.90657	     	12.77	5.25	0.6702	       	       	       	0.029	1	best	     	0	     	1	1	Fig
211070495	55.1067	24.10008	18.45	12.83	5.51	0.606	       	       	       	0.053	1	best	     	0	     	1	1	Fig
211069863	55.10997	24.08995	     	11.69	4.9	0.7654	       	       	       	0.042	1	best	     	0	     	1	1	Fig
211079106	55.1123	24.23736	17.99	12.52	5.36	0.8235	       	       	       	0.11	2	best	     	0	     	1	1	Fig
211095259	55.12802	24.4873	11.72	9.56	2.05	6.8132	       	       	       	0.022	3	best	6.72	1	     	1	1	Fig
211036360	55.13119	23.55067	15.23	11.06	4.06	2.337	       	       	       	0.018	2	best	2.35	1	     	1	1	Fig
211044536	55.14318	23.68261	10.9	9.15	1.64	4.5487	4.1646	       	       	0.018	3	best	4.46	1	     	1	1	Fig
210872505	55.14717	20.96581	15.98	11.3	4.57	0.534	       	       	       	0.077	1	best	0.53	1	     	1	1	Fig
211029757	55.16436	23.44309	     	14.04	6.49	0.3274	       	       	       	0.045	1	best	     	0	     	1	1	Fig
210888723	55.20577	21.21546	     	12.49	5.55	3.7501	       	       	       	0.057	1	best	     	0	     	1	1	Fig
211028209	55.21012	23.41846	10.8	9.12	1.57	4.395	       	       	       	0.039	3	best	4.34	1	     	1	1	Fig
210854098	55.21276	20.68823	     	13.71	6.08	0.3451	       	       	       	0.045	1	best	     	0	     	1	1	Fig
211039307	55.21359	23.59843	12.79	10.08	2.6	8.3247	       	       	       	0.085	3	best	8.14	1	     	1	1	Fig
211078393	55.25161	24.22646	     	12.94	5.56	0.5214	       	       	       	0.034	1	best	     	0	     	1	1	Fig
211046948	55.2624	23.72269	     	12	5	1.4556	       	       	       	0.069	2	best	     	0	     	1	1	Fig
211053922	55.27173	23.83759	     	13.76	5.91	0.3446	       	       	       	0.036	1	best	     	0	     	1	1	Fig
210865020	55.30619	20.8548	     	11.24	4.21	13.0526	       	       	       	0.016	2	best	     	0	     	1	1	Fig
211026087	55.30749	23.38495	14.05	10.63	3.31	10.0234	       	       	       	0.025	4	ok  	9.87	1	     	1	1	Fig
211055424	55.33059	23.86172	     	12.78	5.62	0.4252	       	       	       	0.023	3	best	     	0	     	1	1	Fig
211089510	55.34347	24.39775	     	13.35	5.88	0.3226	       	       	       	0.026	1	best	     	0	     	1	1	Fig
211059880	55.34533	23.93007	     	12.34	5.21	0.7308	       	       	       	0.093	1	best	     	0	     	1	1	Fig
210940436	55.34772	22.03174	     	12.54	6.01	0.7453	       	       	       	0.053	1	best	     	0	     	1	1	Fig
211018106	55.35815	23.26003	     	12.82	5.49	0.5384	       	       	       	0.038	1	best	     	0	     	1	1	Fig
211010041	55.35979	23.13415	     	12.62	5.56	0.8393	       	       	       	0.029	1	best	0.84	0	     	1	1	Fig
211065494	55.36201	24.01736	17.01	11.47	5.43	0.3591	0.3709	       	       	0.025	1	best	     	0	     	1	1	Fig
211046102	55.36591	23.70835	11.18	9.31	1.76	5.4678	6.1205	       	       	0.035	3	best	5.45	1	     	1	1	Fig
211067927	55.37999	24.05695	     	13.07	5.55	0.3868	       	       	       	0.027	1	best	     	0	     	1	1	Fig
211041753	55.39496	23.63772	     	13.21	5.55	0.5168	       	       	       	0.015	1	best	     	0	     	1	1	Fig
211088777	55.41168	24.38594	     	13.46	5.77	1.5972	0.246	       	       	0.028	1	best	     	0	     	1	1	Fig
211049396	55.4149	23.76308	14.58	10.87	3.6	11.0063	       	       	       	0.028	4	best	11.07	1	     	1	1	Fig
211002985	55.44436	23.02219	     	13.16	5.65	0.2943	       	       	       	0.028	1	best	     	0	     	1	1	Fig
211005163	55.45397	23.05651	19.37	13.15	6.11	0.2391	0.553	       	       	0.016	1	best	     	0	     	1	1	Fig
211084813	55.46455	24.3243	     	14.27	6.76	0.6486	       	       	       	0.078	1	best	     	0	     	1	1	Fig
211071863	55.47055	24.12362	     	13.22	5.44	0.515	       	       	       	0.021	1	best	     	0	     	1	1	Fig
211030680	55.47359	23.45797	14	10.25	3.64	7.1503	       	       	       	0.05	3	ok  	7.23	1	     	1	1	Fig
211063081	55.48632	23.97871	     	13.23	5.78	0.4007	       	       	       	0.028	1	best	     	0	     	1	1	Fig
210998478	55.49436	22.95055	     	11.9	4.8	6.842	       	       	       	0.018	4	best	     	0	     	1	1	Fig
211046046	55.49448	23.70731	14.73	10.84	3.78	7.7833	       	       	       	0.025	2	best	7.93	1	     	1	1	Fig
211074799	55.50153	24.17025	     	14.07	6.36	0.2821	       	       	       	0.044	1	best	     	0	     	1	1	Fig
211077349	55.51193	24.21007	16.4	11.61	4.68	0.6995	       	       	       	0.046	1	best	0.7	1	     	1	1	Fig
211059979	55.51219	23.93164	16.32	11.13	5.08	0.8889	1.0991	       	       	0.028	1	best	     	0	     	1	1	Fig
211098454	55.51374	24.53706	16.4	11.63	4.66	2.2576	       	       	       	0.031	1	best	2.26	1	     	1	1	Fig
211038660	55.53682	23.58807	15.8	11.31	4.38	3.0135	       	       	       	0.041	1	best	3.04	1	     	1	1	Fig
211069615	55.54549	24.08572	15.95	11.15	4.69	0.4774	       	       	       	0.03	1	best	0.48	1	40	1	1	Fig
211084148	55.55617	24.31384	     	13.59	5.94	0.7131	       	       	       	0.048	1	best	     	0	     	1	1	Fig
210832378	55.55786	20.36223	     	12.79	5.46	0.4656	       	       	       	0.043	1	best	     	0	     	1	1	Fig
211013627	55.56403	23.19199	     	13	5.59	1.0188	       	       	       	0.013	1	best	     	0	     	1	1	Fig
211071431	55.57454	24.11606	     	12.93	5.55	0.6026	       	       	       	0.026	1	best	     	0	     	1	1	Fig
211106429	55.58974	24.66465	14.48	10.72	3.65	2.9794	       	       	       	0.107	1	best	2.99	1	10	1	1	Fig
210905362	55.59998	21.47349	9.84	8.53	1.2	2.3787	2.5058	       	       	0.011	3	best	2.3	1	     	1	1	Fig
211055359	55.60945	23.86077	19.49	13.39	5.99	0.4958	       	       	       	0.037	1	best	     	0	     	1	1	Fig
210994935	55.60953	22.89466	14.45	10.72	3.62	4.2264	       	       	       	0.022	1	best	4.22	1	8	1	1	Fig
211078992	55.60951	24.23551	     	12.34	5.21	0.9519	       	       	       	0.075	1	best	     	0	     	1	1	Fig
210974364	55.61376	22.57357	     	11.86	5.19	1.9793	1.5247	       	       	0.022	1	best	     	0	     	1	1	Fig
210988354	55.62257	22.7906	15.16	10.92	4.13	0.325	       	       	       	0.039	2	best	0.32	1	50	1	1	Fig
210862226	55.62375	20.81113	     	12.43	5.28	1.2913	       	       	       	0.011	1	best	     	0	     	1	1	Fig
211075627	55.6415	24.18356	     	13.42	5.91	0.5641	       	       	       	0.052	1	best	     	0	     	1	1	Fig
211025007	55.65111	23.36801	17.6	12.32	5.17	1.551	       	       	       	0.089	2	best	1.55	0	     	1	1	Fig
211063744	55.66761	23.98937	15.75	11.14	4.5	0.2587	       	       	       	0.033	1	best	0.26	1	69	1	1	Fig
211066186	55.67155	24.02859	     	13.09	5.63	0.5634	       	       	       	0.042	1	best	     	0	     	1	1	Fig
211064722	55.67437	24.00438	     	12.71	5.19	0.6713	       	       	       	0.016	3	best	0.67	0	     	1	1	Fig
211076650	55.67456	24.19953	14.5	10.53	3.86	4.8225	       	       	       	0.061	3	best	4.78	1	     	1	1	Fig
211023167	55.67666	23.33937	     	11.39	5.3	0.269	       	       	       	0.023	1	ok  	     	0	     	1	1	Fig
211008237	55.68486	23.10454	     	12.95	5.7	0.4288	       	       	       	0.012	1	best	     	0	     	1	1	Fig
211062604	55.68524	23.97097	     	13.22	5.77	0.4436	       	       	       	0.041	1	best	     	0	     	1	1	Fig
211053031	55.69019	23.82302	19.5	13.4	5.99	0.3519	       	       	       	0.019	1	best	     	0	     	1	1	Fig
211038211	55.70377	23.58018	     	12.77	5.4	0.6804	       	       	       	0.043	1	best	     	0	     	1	1	Fig
211074858	55.70457	24.17101	16.95	11.74	5.1	1.4585	       	       	       	0.031	1	ok  	     	0	     	1	1	Fig
211010807	55.71531	23.14558	     	12.5	6.02	0.4038	0.6769	       	       	0.023	1	best	     	0	     	1	1	Fig
211095624	55.72962	24.49306	     	8.26	1.1	1.4072	       	       	       	0.001	1	best	     	0	44.2	1	1	Fig
211069418	55.73557	24.08277	16.24	11.23	4.9	0.8174	       	       	       	0.021	1	best	0.82	1	     	1	1	Fig
211078565	55.73566	24.22936	     	12.97	5.63	0.3657	       	       	       	0.023	1	best	     	0	     	1	1	Fig
210822528	55.74412	20.21256	     	12.95	5.82	0.9149	       	       	       	0.027	1	best	     	0	     	1	1	Fig
210995339	55.74674	22.90092	12.1	9.71	2.28	6.6996	       	       	       	0.055	3	best	7.07	1	     	1	1	Fig
210965155	55.74896	22.42427	13.98	10.59	3.28	6.536	       	       	       	0.012	4	ok  	     	0	     	1	1	Fig
211079830	55.75524	24.24791	     	13.31	5.9	0.3437	       	       	       	0.035	1	best	     	0	     	1	1	Fig
211106743	55.76223	24.66973	11.96	9.73	2.12	6.6874	7.6716	       	       	0.041	2	best	6.65	1	6.6	1	1	Fig
210989020	55.76746	22.80098	15.16	10.78	4.27	0.3103	       	       	       	0.076	1	best	0.31	1	55	1	1	Fig
210876759	55.77383	21.03042	     	13.07	5.58	0.4336	       	       	       	0.022	1	best	     	0	     	1	1	Fig
210957162	55.77705	22.29707	19.99	13.79	6.09	0.1748	       	       	       	0.03	1	best	     	0	60	1	1	Fig
211108136	55.7906	24.69249	16.37	11.42	4.84	2.0256	       	       	       	0.04	1	best	2.03	1	11	1	1	Fig
211071351	55.7985	24.11462	     	13.16	6	0.4164	       	       	       	0.043	2	best	     	0	     	1	1	Fig
211111400	55.80049	24.74593	17.09	11.69	5.29	0.7068	0.5755	       	       	0.04	1	best	     	0	     	1	1	Fig
211105839	55.80444	24.6554	15.99	11.29	4.59	0.2562	       	       	       	0.013	1	best	0.26	1	120	1	1	Fig
211053678	55.81916	23.83378	18.48	12.4	5.97	0.7703	       	       	       	0.139	1	best	0.77	0	     	1	1	Fig
210988056	55.82918	22.78629	     	12.76	5.54	0.3057	       	       	       	0.056	1	best	     	0	     	1	1	Fig
210966700	55.82926	22.44922	11.49	9.03	2.35	5.0238	2.8747	       	       	0.031	1	best	2.92	1	     	1	1	Fig
211092430	55.83571	24.44307	     	13.15	5.82	0.3642	       	       	       	0.048	1	best	     	0	     	1	1	Fig
211015853	55.85223	23.22593	10.52	8.65	1.76	2.7573	0.7779	       	       	0.015	1	best	2.77	1	18.3	1	1	Fig
211055772	55.85408	23.86709	     	14.45	7.16	0.2668	       	       	       	0.037	1	best	     	0	     	1	1	Fig
210995008	55.85479	22.89572	     	12.91	5.48	1.2523	       	       	       	0.029	1	best	     	0	     	1	1	Fig
210983198	55.86014	22.71187	     	12.27	5.01	0.777	       	       	       	0.052	1	best	     	0	     	1	1	Fig
211093040	55.86237	24.45272	     	11.42	5.01	2.1623	0.4041	       	       	0.044	1	best	     	0	     	1	1	Fig
210977779	55.8643	22.62816	     	13.25	5.59	0.5047	       	       	       	0.03	1	best	     	0	     	1	1	Fig
211105906	55.87453	24.65656	     	13.43	5.75	0.7217	       	       	       	0.024	1	best	     	0	     	1	1	Fig
211043986	55.88314	23.67407	10.84	9.13	1.6	3.9906	4.3197	       	       	0.039	3	best	3.99	1	9.4	1	1	Fig
211049322	55.89337	23.76191	11.47	9.33	2.03	5.4442	6.0929	       	       	0.029	3	best	5.34	1	5.3	1	1	Fig
211014750	55.90234	23.20954	18.04	12.37	5.56	0.314	       	       	       	0.063	1	best	0.31	0	     	1	1	Fig
211030439	55.90249	23.45393	14.52	10.73	3.68	3.0502	       	       	       	0.051	2	best	3.05	1	10	1	1	Fig
211078780	55.9026	24.2323	14.37	10.13	4.13	0.349	0.3613	       	       	0.076	1	best	0.36	1	70	1	1	Fig
211089274	55.90384	24.39394	14.26	10.64	3.51	1.3696	1.3353	       	       	0.022	1	best	1.36	1	17.5	1	1	Fig
211042045	55.90458	23.64227	     	11.87	5.51	0.366	0.3137	       	       	0.036	3	best	     	0	     	1	1	Fig
211047687	55.91265	23.73483	18.05	12.27	5.67	0.3049	0.2016	       	       	0.02	1	best	0.31	0	     	1	1	Fig
211045147	55.91548	23.6924	     	13.57	5.96	0.294	       	       	       	0.032	1	best	     	0	     	1	1	Fig
211100748	55.92555	24.57316	15.43	10.95	4.37	1.9343	       	       	       	0.036	1	ok  	0.97	1	13	1	1	Fig
211099232	55.92976	24.54895	     	13.11	5.64	0.5793	       	       	       	0.021	1	best	     	0	     	1	1	Fig
211077607	55.93133	24.21397	     	13.55	5.88	0.3123	       	       	       	0.017	1	best	     	0	     	1	1	Fig
211095292	55.93211	24.48771	16.22	11.5	4.61	4.005	       	       	       	0.029	1	best	3.98	0	7	1	1	Fig
211005117	55.93735	23.0559	16.79	11.73	4.95	2.3235	       	       	       	0.022	1	best	2.32	0	     	1	1	Fig
211014883	55.94783	23.2118	10.52	8.56	1.85	5.0872	3.0125	       	       	0.019	3	best	5.09	1	11.1	1	1	Fig
211035702	55.95251	23.53937	13.96	10.56	3.29	9.4558	       	       	       	0.025	3	best	9.87	1	4.7	1	1	Fig
211079794	55.96127	24.24746	11.3	9.34	1.85	5.3638	       	       	       	0.041	3	best	5.39	1	6.5	1	1	Fig
211079141	55.96563	24.23781	     	12.38	5.59	0.6467	       	       	       	0.083	1	best	0.65	0	     	1	1	Fig
211117077	55.96726	24.84159	14.5	10.65	3.74	3.0034	       	       	       	0.066	2	best	3.02	1	9.1	1	1	Fig
211091381	55.98203	24.42639	14.3	10.65	3.54	4.4858	       	       	       	0.063	1	best	4.53	1	10	1	1	Fig
211061316	55.98748	23.95166	17.93	12.3	5.52	0.8159	       	       	       	0.048	1	best	0.82	0	     	1	1	Fig
211078145	55.98864	24.22236	     	12.37	5.35	0.7717	       	       	       	0.024	1	best	     	0	     	1	1	Fig
211056809	55.995	23.88273	9.66	8.29	1.26	2.3969	       	       	       	0.001	1	best	     	0	14.1	1	1	Fig
211035968	56.00247	23.54396	11.02	9.17	1.74	4.02	4.3542	       	       	0.023	3	best	4.09	1	12.1	1	1	Fig
211055493	56.00697	23.86282	17.22	11.99	5.12	0.7814	       	       	       	0.023	1	ok  	0.78	0	     	1	1	Fig
211096368	56.01474	24.5042	10.71	8.97	1.63	1.4758	       	       	       	0.055	2	best	1.48	1	38.2	1	1	Fig
211081593	56.02016	24.2755	11.63	9.44	2.08	4.6762	5.1133	       	       	0.046	3	best	4.76	1	7.8	1	1	Fig
211006594	56.03667	23.0799	15.43	11.11	4.21	0.5739	       	       	       	0.027	1	best	0.57	1	44	1	1	Fig
211010854	56.03879	23.1464	     	12.49	5.52	0.5153	       	       	       	0.022	1	best	     	0	     	1	1	Fig
211101750	56.03999	24.58956	     	12.06	4.99	3.8818	       	       	       	0.022	1	best	     	0	     	1	1	Fig
211081122	56.04129	24.2678	16.36	11.53	4.72	1.2348	       	       	       	0.019	1	best	1.24	1	     	1	1	Fig
211115321	56.04561	24.81278	     	13.03	5.45	0.4745	       	       	       	0.036	1	best	     	0	     	1	1	Fig
211025716	56.04669	23.37933	11.45	9.37	1.97	2.5292	       	       	       	0.048	2	best	2.61	1	14.7	1	1	Fig
210762863	56.04961	19.30539	15.1	11.05	3.94	7.4885	       	       	       	0.033	3	best	7.41	1	     	1	1	Fig
211056415	56.05054	23.87709	17.9	12.57	5.22	0.6063	       	       	       	0.014	1	best	0.61	0	     	1	1	Fig
211066337	56.05446	24.03083	10.88	8.73	2.04	6.1589	2.9323	       	       	0.019	3	best	     	0	     	1	1	Fig
211113345	56.05798	24.77938	10.79	9.09	1.59	4.0255	       	       	       	0.014	3	best	3.93	1	5.7	1	1	Fig
211070599	56.06111	24.10181	10.48	8.31	2.06	2.0541	1.9761	3.2128	0.6137	0.028	1	best	3.18	1	17.4	1	1	Fig
211092630	56.07394	24.44637	16.59	11.69	4.79	0.2749	       	       	       	0.066	1	best	0.28	0	     	1	1	Fig
211101696	56.07942	24.58845	17.81	12.44	5.26	0.6814	       	       	       	0.052	1	best	0.68	0	     	1	1	Fig
211057696	56.08201	23.8961	     	13.3	6.97	0.3103	0.2452	       	       	0.142	2	best	     	0	     	1	1	Fig
211114317	56.08368	24.79615	10.6	8.95	1.54	1.4729	1.5174	       	       	0.038	1	best	1.48	1	41.9	1	1	Fig
211112974	56.08544	24.77285	11.02	8.87	2.04	1.1868	4.8312	4.4099	       	0.038	1	best	4.52	1	10.8	1	1	Fig
211080177	56.08604	24.25303	     	13.1	6.47	0.3489	0.4073	       	       	0.014	1	best	     	0	     	1	1	Fig
211037018	56.08691	23.56113	     	12.01	4.93	4.4526	       	       	       	0.036	2	best	     	0	7	1	1	Fig
211112685	56.09127	24.7684	12.99	10.06	2.82	0.4114	       	       	       	0.048	1	best	0.41	1	72	1	1	Fig
211012996	56.09224	23.18194	     	13.47	6.79	0.2991	       	       	       	0.024	1	best	     	0	     	1	1	Fig
211068579	56.09609	24.0683	13.77	10.22	3.44	0.3567	       	       	       	0.051	1	best	0.36	1	73	1	1	Fig
211072441	56.09811	24.13263	9.04	7.77	1.16	0.5889	       	       	       	0.003	1	best	     	0	40	1	1	Fig
211118414	56.10283	24.86485	     	11.94	5.37	0.2177	0.3821	       	       	0.02	1	best	     	0	     	1	1	Fig
211112686	56.10337	24.76839	15.42	11.01	4.3	0.7643	       	       	       	0.046	1	best	3.27	1	20	1	1	Fig
211107439	56.10662	24.68136	16.66	11.65	4.9	1.08	       	       	       	0.033	1	best	1.08	1	13	1	1	Fig
211101761	56.10948	24.5897	11.46	9.27	2.08	0.8374	       	       	       	0.019	1	best	0.84	1	18.9	1	1	Fig
211095218	56.11055	24.48653	17.94	12.08	5.75	0.347	       	       	       	0.023	1	best	     	0	     	1	1	Fig
211090224	56.11198	24.40883	16.07	11.45	4.51	5.8799	       	       	       	0.039	1	best	5.85	0	     	1	1	Fig
211117230	56.11372	24.84396	14	10.07	3.82	0.3982	0.3355	       	       	0.027	1	best	0.4	1	78	1	1	Fig
211079163	56.11455	24.23811	     	12.66	5.68	0.235	       	       	       	0.02	1	best	     	0	     	1	1	Fig
211064435	56.11629	23.99997	     	13.49	6.21	0.3044	       	       	       	0.02	1	best	     	0	     	1	1	Fig
211074888	56.1167	24.17155	13.32	10.06	3.15	3.8002	       	       	       	0.071	3	best	3.79	1	10	1	1	Fig
210754915	56.11701	19.18504	11.84	9.42	2.31	0.5332	       	       	       	0.049	1	best	0.53	1	     	1	1	Fig
211038810	56.13213	23.59061	     	12.2	5.12	0.9184	       	       	       	0.04	1	best	     	0	     	1	1	Fig
211056297	56.13325	23.87521	14.44	10.45	3.88	17.2827	7.7381	       	       	0.011	4	best	0.94	1	     	1	1	Fig
211064526	56.14754	24.00135	14.33	10.65	3.57	9.0574	       	       	       	0.008	4	best	     	0	     	1	1	Fig
211033487	56.15115	23.50309	16.55	11.66	4.78	1.6598	       	       	       	0.064	1	best	     	0	13	1	1	Fig
211091449	56.15734	24.42746	19.51	13.52	5.88	0.3036	       	       	       	0.016	1	best	     	0	     	1	1	Fig
210996584	56.15741	22.92103	15.75	11.04	4.6	0.3152	       	       	       	0.022	1	best	0.31	1	     	1	1	Fig
211004119	56.16227	23.04041	     	12.5	5.53	0.8297	       	       	       	0.018	1	best	     	0	     	1	1	Fig
211097941	56.16505	24.52896	     	11.88	4.96	0.6099	       	       	       	0.011	1	best	     	0	     	1	1	Fig
211115638	56.1698	24.81854	9.84	8.52	1.21	1.908	       	       	       	0.015	3	best	1.92	1	18.2	1	1	Fig
210967650	56.17425	22.46456	10.76	9.07	1.58	3.9912	       	       	       	0.01	3	best	     	0	     	1	1	Fig
211088648	56.19223	24.38419	     	13.79	6.09	0.2858	       	       	       	0.013	1	best	     	0	     	1	1	Fig
211065077	56.19718	24.01052	     	12.32	5.11	0.7563	       	       	       	0.024	1	best	     	0	     	1	1	Fig
211077649	56.19933	24.21466	     	12.45	5.44	0.8136	       	       	       	0.046	2	best	     	0	     	1	1	Fig
211121141	56.20904	24.91113	13.43	10.34	2.98	5.6763	       	       	       	0.031	3	best	5.55	1	5.7	1	1	Fig
210911601	56.22024	21.57126	     	12.42	5.45	0.2494	0.2714	       	       	0.02	1	best	     	0	     	1	1	Fig
211059325	56.2243	23.92126	10.78	8.87	1.12	2.3386	2.4614	       	       	0.023	1	best	2.43	1	21	1	1	Fig
211092628	56.22538	24.44637	     	12.75	5.31	0.6325	       	       	       	0.035	1	best	     	0	     	1	1	Fig
211059981	56.2333	23.93153	     	11.92	5.36	0.3954	0.4936	       	       	0.014	1	best	     	0	     	1	1	Fig
211091768	56.23498	24.43262	10.42	8.87	1.44	2.7793	       	       	       	0.02	1	best	2.85	1	18.3	1	1	Fig
211039840	56.23619	23.60658	     	12.33	5.07	0.8002	       	       	       	0.04	1	best	     	0	     	1	1	Fig
211063935	56.23887	23.99235	     	11.96	4.85	1.78	       	       	       	0.015	1	best	     	0	     	1	1	Fig
211027607	56.24174	23.40867	     	12.36	5.4	0.7571	       	       	       	0.084	1	best	     	0	     	1	1	Fig
211059734	56.24409	23.92806	     	12.11	5.34	0.4849	       	       	       	0.034	1	best	     	0	     	1	1	Fig
211026321	56.24568	23.38894	13.85	10.48	3.26	5.8883	       	       	       	0.079	3	best	5.84	1	7.4	1	1	Fig
211024158	56.2478	23.35512	     	13.38	5.77	0.2388	       	       	       	0.019	1	best	     	0	     	1	1	Fig
211113286	56.2547	24.7781	     	12.57	5.34	0.5888	       	       	       	0.025	1	best	     	0	     	1	1	Fig
210779549	56.25695	19.55937	9.45	8.15	1.19	0.9368	       	       	       	0.002	1	ok  	     	0	     	1	1	Fig
211054027	56.2636	23.83943	11.97	9.72	2.14	7.0949	8.8112	       	       	0.014	3	best	     	0	4	1	1	Fig
211080847	56.27722	24.26352	8.58	7.72	0.75	0.0431	0.0389	0.0365	0.0464	0.002	1	best	     	0	     	1	1	Fig
211040347	56.27825	23.61434	     	12.66	6.11	0.3337	       	       	       	0.022	1	best	     	0	     	1	1	Fig
210978650	56.28616	22.64185	     	12.48	5.33	0.4623	       	       	       	0.051	1	best	     	0	     	1	1	Fig
210920066	56.29115	21.70459	9.99	8.59	1.29	2.9317	2.764	       	       	0.014	1	best	2.93	1	11.5	1	1	Fig
211004687	56.29506	23.0495	     	12.35	5.25	0.9335	       	       	       	0.113	1	best	     	0	     	1	1	Fig
211101564	56.29993	24.58617	13.93	10.56	3.26	4.3894	       	       	       	0.113	3	best	4.33	1	     	1	1	Fig
211096421	56.3003	24.5051	     	11.9	4.95	0.3473	       	       	       	0.024	1	best	     	0	     	1	1	Fig
211024798	56.30062	23.36479	17.64	12.24	5.29	0.7494	       	       	       	0.083	1	best	2.99	0	     	1	1	Fig
210982234	56.30178	22.69753	     	12.27	5.13	0.7676	       	       	       	0.101	1	best	     	0	     	1	1	Fig
211057685	56.30254	23.89588	     	13.88	6.55	0.2594	       	       	       	0.016	1	best	     	0	26	1	1	Fig
211080412	56.30473	24.2566	     	13.17	5.51	2.0103	       	       	       	0.017	1	best	     	0	     	1	1	Fig
211034329	56.30585	23.51693	17.72	11.89	5.72	0.3403	0.2279	       	       	0.061	1	ok  	     	0	     	1	1	Fig
211071722	56.31717	24.12118	16.24	11.63	4.5	2.1851	       	       	       	0.021	1	best	2.19	0	     	1	1	Fig
211037417	56.3184	23.56716	     	13.52	6.01	0.1903	       	       	       	0.031	1	best	     	0	     	1	1	Fig
211100894	56.31935	24.5757	16.18	11.43	4.64	0.8545	       	       	       	0.043	1	best	0.86	1	26	1	1	Fig
211121734	56.33691	24.92207	9	7.84	1.05	7.0681	       	       	       	0.002	3	best	     	0	80	1	1	Fig
211098921	56.34029	24.5437	     	12.31	5.23	1.1468	       	       	       	0.046	1	best	     	0	     	1	1	Fig
211031520	56.34248	23.47173	12.4	9.81	2.48	8.4849	6.6064	       	       	0.021	3	best	7.5	1	3.5	1	1	Fig
211117626	56.34788	24.8508	15.28	11.04	4.13	1.2481	       	       	       	0.112	2	best	1.25	1	16	1	1	Fig
211119678	56.35053	24.88597	9.65	8.38	1.16	1.8128	1.7474	       	       	0.007	1	best	     	0	33.2	1	1	Fig
211086163	56.35324	24.34596	     	12.24	5.34	0.941	       	       	       	0.026	1	best	     	0	     	1	1	Fig
211028956	56.35824	23.4302	12.04	9.53	1.69	2.804	2.6719	       	       	0.059	3	ok  	     	0	12.2	1	1	Fig
211066615	56.3589	24.03513	8.04	7.46	0.47	0.1212	0.0871	0.042	       	0.002	4	best	     	0	     	1	1	Fig
210971340	56.36063	22.52562	17.4	12.25	5.04	1.2096	       	       	       	0.107	1	best	1.21	0	     	1	1	Fig
211041420	56.36462	23.63253	     	13.26	5.48	0.2958	       	       	       	0.032	1	best	     	0	     	1	1	Fig
211084069	56.37591	24.31265	15.74	11.13	4.5	2.1929	       	       	       	0.029	1	best	2.2	1	14	1	1	Fig
211083408	56.38722	24.30324	13.52	10.22	3.19	0.3976	       	       	       	0.075	3	best	0.4	1	71	1	1	Fig
211013191	56.3916	23.1852	     	13.01	5.62	0.5883	       	       	       	0.019	1	best	     	0	     	1	1	Fig
211093705	56.39355	24.46329	8.6	7.64	0.85	0.3279	0.315	0.2998	       	0.002	1	best	     	0	     	1	1	Fig
211069456	56.39748	24.08321	10.11	8.6	1.4	1.0199	0.9994	       	       	0.011	1	best	0.29	1	45	1	1	Fig
211105653	56.40298	24.65188	16.73	11.35	5.27	0.3334	0.3446	       	       	0.028	1	best	0.33	1	     	1	1	Fig
211061207	56.41243	23.95031	     	13.25	5.74	0.347	       	       	       	0.015	1	best	     	0	     	1	1	Fig
211072835	56.41367	24.13904	     	13.06	5.64	0.8158	       	       	       	0.018	1	best	     	0	     	1	1	Fig
211104176	56.41737	24.62724	9.71	8.29	1.31	1.1394	1.1835	       	       	0.021	1	best	0.53	1	45	1	1	Fig
211082436	56.42243	24.28859	9.46	8.04	1.31	0.8383	       	       	       	0.003	1	best	     	0	65	1	1	Fig
211120842	56.42548	24.90599	9.57	7.94	1.52	1.5775	1.7112	       	       	0.015	3	best	0.92	1	14.4	1	1	Fig
211129400	56.42687	25.05709	13.4	10.5	2.79	2.8396	2.6899	       	       	0.041	3	best	2.77	1	14	1	1	Fig
211068914	56.43364	24.0741	14.23	10.64	3.48	3.7965	       	       	       	0.026	1	best	3.84	1	9	1	1	Fig
210922602	56.44553	21.74705	     	12.82	5.91	0.1958	0.2172	       	       	0.018	1	best	     	0	     	1	1	Fig
211010902	56.45337	23.14716	6.85	6.74	0	3.0876	3.2574	2.8975	       	0.001	1	best	     	0	     	1	1	Fig
211090866	56.45565	24.4187	     	11.8	4.86	2.4271	       	       	       	0.014	1	best	     	0	     	1	1	Fig
211082883	56.46385	24.2957	     	12.73	5.51	0.4114	       	       	       	0.03	1	best	     	0	     	1	1	Fig
211031105	56.46978	23.46507	     	12.33	5.3	0.6841	       	       	       	0.086	2	best	     	0	     	1	1	Fig
211078239	56.47909	24.22394	     	11.85	5.52	0.383	0.3644	       	       	0.022	1	best	     	0	     	1	1	Fig
211003154	56.48732	23.02478	17.9	12.58	5.21	0.5743	       	       	       	0.026	1	best	0.57	0	     	1	1	Fig
211086480	56.48783	24.35031	     	12.84	6.32	0.2103	       	       	       	0.012	1	best	     	0	     	1	1	Fig
211073154	56.49126	24.14475	     	13.68	5.87	0.2184	       	       	       	0.023	1	best	     	0	     	1	1	Fig
211047828	56.51148	23.73739	12.61	9.26	1.74	3.9585	4.2952	       	       	0.021	3	best	3.93	1	9.7	1	1	Fig
211107496	56.51231	24.68218	     	13.14	6.4	5.8529	       	       	       	0.1	4	best	     	0	     	1	1	Fig
211086387	56.51437	24.3492	     	12.56	5.45	0.3745	       	       	       	0.014	1	best	     	0	     	1	1	Fig
211027393	56.51717	23.40553	12.95	9.89	2.95	0.5785	       	       	       	0.043	1	best	0.58	1	80	1	1	Fig
211059727	56.51789	23.92801	     	11.82	5.15	0.4336	       	       	       	0.02	1	best	     	0	     	1	1	Fig
211074500	56.51899	24.16557	     	13.18	5.65	0.728	       	       	       	0.033	4	best	     	0	     	1	1	Fig
211000470	56.52185	22.98165	14	10.5	3.39	9.8931	8.0227	       	       	0.011	1	best	8.6	1	     	1	1	Fig
211103222	56.52346	24.61235	     	11.44	4.6	1.1298	       	       	       	0.059	1	best	     	0	     	1	1	Fig
211103322	56.52369	24.61388	     	13.06	5.56	1.1297	       	       	       	0.06	2	best	     	0	     	1	1	Fig
211100398	56.52706	24.56741	12.79	10.17	2.51	7.0484	       	       	       	0.036	3	best	7.07	1	6.4	1	1	Fig
211100131	56.52874	24.5628	13.05	10.29	2.65	7.9101	6.8323	       	       	0.029	3	best	7.04	1	3.8	1	1	Fig
211087985	56.53126	24.37438	14.71	10.86	3.74	5.0781	5.6582	       	       	0.018	1	best	5.17	1	5.4	1	1	Fig
211118542	56.53236	24.8668	12.08	9.36	2.61	6.9551	       	       	       	0.017	1	best	6.83	1	5.7	1	1	Fig
211023687	56.53483	23.34752	13.79	10.4	3.28	3.9299	       	       	       	0.089	2	best	     	0	9.3	1	1	Fig
211107114	56.53622	24.67591	     	12.71	5.37	1.986	       	       	       	0.108	4	best	     	0	     	1	1	Fig
210983092	56.53994	22.71039	17.3	11.9	5.29	0.8677	0.9494	       	       	0.022	1	best	     	0	8	1	1	Fig
210881103	56.54115	21.09799	     	12.25	5.1	0.4625	       	       	       	0.041	1	best	     	0	     	1	1	Fig
211106969	56.54122	24.67362	15.2	10.59	4.5	1.9819	       	       	       	0.049	1	best	2	1	15	1	1	Fig
211023213	56.54187	23.34001	10.16	8.69	1.36	2.8527	       	       	       	0.02	1	best	2.85	1	18.2	1	1	Fig
211103863	56.54893	24.62231	11.71	9.54	2.06	5.9772	       	       	       	0.132	3	best	5.91	1	6.1	1	1	Fig
211038588	56.55275	23.58721	     	12.99	5.62	0.5507	       	       	       	0.022	1	best	     	0	     	1	1	Fig
211067768	56.55361	24.05437	14.2	10.6	3.49	1.3879	       	       	       	0.06	2	best	1.39	1	19	1	1	Fig
210982761	56.55769	22.70551	     	12.46	5.63	0.3079	0.3899	       	       	0.009	1	best	     	0	     	1	1	Fig
211107734	56.57472	24.686	16.51	11.69	4.71	5.5174	       	       	       	0.038	3	best	5.49	1	     	1	1	Fig
210866744	56.58056	20.87978	11.56	9.52	1.93	5.9344	2.8616	       	       	0.026	3	best	5.93	1	     	1	1	Fig
211002561	56.58085	23.0155	     	13.18	6.3	0.1807	0.1589	       	       	0.022	1	best	     	0	     	1	1	Fig
211125236	56.58273	24.98376	17.4	11.97	5.32	0.6783	0.5051	       	       	0.016	1	best	0.34	0	24	1	1	Fig
211113696	56.58531	24.78548	13.96	10.54	3.31	6.3758	       	       	       	0.024	4	best	6.58	1	4.2	1	1	Fig
211100238	56.58897	24.56458	     	13.07	5.72	0.4397	       	       	       	0.024	1	best	     	0	     	1	1	Fig
211007016	56.58914	23.08588	     	13.7	5.81	0.3742	       	       	       	0.026	1	best	     	0	     	1	1	Fig
211005799	56.5901	23.06695	     	12.75	5.77	0.6772	0.5756	       	       	0.023	1	best	     	0	     	1	1	Fig
211032382	56.59359	23.48563	     	12.82	6.18	0.3797	       	       	       	0.039	1	best	     	0	     	1	1	Fig
211100565	56.59447	24.57017	10.42	8.87	1.44	3.231	3.0359	       	       	0.016	3	best	3.09	1	11.9	1	1	Fig
211102725	56.59593	24.60505	     	12.72	5.24	1.1143	       	       	       	0.03	3	best	     	0	     	1	1	Fig
211066346	56.59776	24.03094	     	12.85	5.56	0.4678	       	       	       	0.021	1	best	     	0	     	1	1	Fig
211096320	56.60049	24.5036	     	13.84	5.99	0.1891	       	       	       	0.045	1	best	     	0	     	1	1	Fig
211094777	56.60262	24.4796	18.3	12.54	5.65	0.8915	       	       	       	0.024	1	best	0.89	1	     	1	1	Fig
210903023	56.60487	21.43823	17.01	11.52	5.38	1.028	0.3107	       	       	0.06	1	best	     	0	     	1	1	Fig
211074151	56.60576	24.1601	15.83	11.14	4.58	0.3224	       	       	       	0.045	2	best	0.32	1	65	1	1	Fig
211093117	56.6125	24.45392	     	12.05	5.09	0.9143	       	       	       	0.038	1	best	     	0	     	1	1	Fig
211133821	56.61396	25.13556	10.54	8.99	1.44	3.4241	3.6675	       	       	0.018	3	best	1.72	1	9.6	1	1	Fig
211052343	56.61537	23.81269	     	12.65	6.27	2.3468	0.7581	       	       	0.007	1	ok  	     	0	     	1	1	Fig
211038945	56.61573	23.59269	12.96	9.82	2.38	5.343	       	       	       	0.043	4	best	5.22	1	4.9	1	1	Fig
211091848	56.61837	24.43391	11.1	9.16	1.83	1.3126	1.3531	       	       	0.033	1	best	1.32	1	37.2	1	1	Fig
211112171	56.61927	24.75899	14.34	10.65	3.58	9.1276	       	       	       	0.034	3	best	9.41	1	7	1	1	Fig
210877263	56.62383	21.03808	     	12.55	5.71	0.3183	       	       	       	0.022	1	best	     	0	     	1	1	Fig
211003258	56.62922	23.02634	19.77	13.73	5.93	0.7278	       	       	       	0.028	1	best	     	0	     	1	1	Fig
211071504	56.62991	24.11735	14.21	10.34	3.76	4.8107	4.4062	5.2734	1.0083	0.013	4	best	2.42	1	7.1	1	1	Fig
211021014	56.63698	23.30532	14.61	10.78	3.72	6.9448	       	       	       	0.049	3	best	6.8	1	9	1	1	Fig
210997527	56.64497	22.93549	     	10.85	3.76	2.9684	       	       	       	0.037	1	best	2.98	1	     	1	1	Fig
211027775	56.6472	23.41173	14.77	10.72	3.94	0.7424	       	       	       	0.05	1	best	0.74	1	18	1	1	Fig
211066062	56.64803	24.02652	     	12.78	5.89	0.2973	       	       	       	0.014	1	best	     	0	     	1	1	Fig
211006108	56.65026	23.07149	     	12.05	5.14	0.9588	       	       	       	0.013	1	best	     	0	     	1	1	Fig
211086025	56.65528	24.34352	12.25	9.36	2.78	4.317	7.2976	       	       	0.026	4	best	7.5	1	5.4	1	1	Fig
211050847	56.65699	23.78777	10.2	8.53	1.56	6.1624	       	       	       	0.004	3	best	     	0	6.4	1	1	Fig
211111496	56.65739	24.74769	11.83	9.63	2.09	7.1797	       	       	       	0.014	4	best	0.87	1	3.6	1	1	Fig
210996505	56.65998	22.9198	9.42	8.15	1.16	6.839	       	       	       	0.01	3	best	     	0	40	1	1	Fig
211123901	56.66158	24.95962	10.25	8.79	1.35	2.3141	       	       	       	0.016	3	best	2.32	1	     	1	1	Fig
211097402	56.66201	24.52033	13.29	10.27	2.91	7.4791	       	       	       	0.028	2	best	7.96	1	5.9	1	1	Fig
211070664	56.66385	24.10324	9.29	8.18	1	0.8702	0.9098	       	       	0.002	1	best	     	0	28.6	1	1	Fig
211066263	56.6641	24.02968	12.32	9.85	2.36	6.1296	       	       	       	0.046	4	best	6.42	1	4.5	1	1	Fig
211008578	56.66665	23.11037	9.37	8.23	1.03	1.8161	1.598	0.7836	       	0.001	1	best	     	0	31.4	1	1	Fig
211033155	56.66767	23.49778	12.18	9.32	2.24	0.5243	       	       	       	0.073	1	best	0.52	1	50	1	1	Fig
211122237	56.66777	24.93103	14.1	10.38	3.61	5.1665	       	       	       	0.078	3	best	5.06	1	7.3	1	1	Fig
210991829	56.66833	22.8444	     	13.18	5.61	0.2955	       	       	       	0.035	1	best	     	0	     	1	1	Fig
211040850	56.67991	23.62284	     	13.1	5.97	0.5017	       	       	       	0.018	1	best	     	0	     	1	1	Fig
211064137	56.68162	23.99515	16.12	11.57	4.44	2.234	       	       	       	0.016	1	best	     	0	     	1	1	Fig
211111611	56.68658	24.74961	     	13.35	5.7	1.3443	       	       	       	0.014	1	best	     	0	     	1	1	Fig
210996142	56.69608	22.91459	10.48	8.93	1.44	3.0025	       	       	       	0.03	3	best	3	1	16.4	1	1	Fig
211005924	56.70325	23.06875	16.04	11.42	4.51	0.2845	       	       	       	0.049	1	best	0.28	1	     	1	1	Fig
211102393	56.70505	24.60001	15.1	11	3.99	7.9111	       	       	       	0.044	3	best	8.22	1	9	1	1	Fig
211035282	56.70867	23.5323	17.8	12.39	5.3	2.1377	       	       	       	0.075	2	best	2.14	0	     	1	1	Fig
211042246	56.71917	23.64535	     	12.2	5.95	0.0824	       	       	       	0.008	1	best	     	0	     	1	1	Fig
211080124	56.72068	24.25222	     	14.12	6.75	0.2261	       	       	       	0.038	1	best	     	0	     	1	1	Fig
210994089	56.72192	22.88094	11.74	9.72	1.91	6.1515	       	       	       	0.033	3	best	6.16	1	5.5	1	1	Fig
211082363	56.72335	24.28751	16.24	11.21	4.92	0.6607	0.2409	       	       	0.03	1	best	0.66	0	     	1	1	Fig
211038389	56.72391	23.58359	10.55	9.01	1.43	3.5941	       	       	       	0.018	3	best	     	0	5.3	1	1	Fig
211072438	56.72481	24.1326	18.92	13.17	5.64	0.3912	       	       	       	0.025	1	best	     	0	     	1	1	Fig
211139797	56.72512	25.24582	16.19	11.49	4.59	2.6922	       	       	       	0.017	1	best	2.69	0	7	1	1	Fig
211093928	56.72863	24.46666	     	14	6.32	0.1212	       	       	       	0.025	1	best	0.12	1	     	1	1	Fig
211114329	56.72882	24.79634	10.51	8.97	1.43	3.3705	3.1876	       	       	0.018	3	best	     	0	5.1	1	1	Fig
211025779	56.73043	23.38043	     	13.33	5.63	0.2824	       	       	       	0.016	1	best	     	0	     	1	1	Fig
211075914	56.73046	24.18802	     	12.88	6.1	0.2397	       	       	       	0.023	1	best	     	0	     	1	1	Fig
211017469	56.73789	23.25067	15.5	11.13	4.26	1.2062	       	       	       	0.034	1	best	1.21	1	     	1	1	Fig
211037012	56.74235	23.56082	     	12.85	5.14	0.9133	       	       	       	0.03	1	ok  	     	0	     	1	1	Fig
211066157	56.74273	24.0282	     	13.04	5.74	0.8082	       	       	       	0.013	1	best	     	0	     	1	1	Fig
211093581	56.7439	24.46113	     	12.15	5.22	1.1004	       	       	       	0.035	1	best	     	0	     	1	1	Fig
211066181	56.74713	24.02861	17.6	12.11	5.38	0.5265	0.4613	       	       	0.018	1	best	0.46	0	     	1	1	Fig
211097388	56.74751	24.52011	     	6.71	0	0.3436	       	       	       	0.001	1	ok  	     	0	     	1	1	Fig
211119314	56.7478	24.87953	18.4	12.35	5.94	0.3409	0.2313	       	       	0.06	1	ok  	0.34	0	     	1	1	Fig
211094386	56.75121	24.47355	     	12.25	5.78	1.655	0.1546	       	       	0.025	1	best	     	0	     	1	1	Fig
211125179	56.75414	24.98263	     	12.34	5.59	0.3484	       	       	       	0.062	1	best	0.35	0	     	1	1	Fig
211032994	56.7559	23.49498	11.45	9.56	1.78	5.9306	       	       	       	0.038	3	best	5.97	1	6.4	1	1	Fig
211078274	56.75767	24.22452	     	14.1	6.4	1.0167	       	       	       	0.034	1	best	     	0	     	1	1	Fig
211035936	56.75974	23.54338	     	13.35	6.55	2.5738	       	       	       	0.014	1	best	     	0	     	1	1	Fig
211115721	56.76478	24.81993	8.28	7.35	0.82	1.228	       	       	       	0.004	1	best	     	0	     	1	1	Fig
211074122	56.76493	24.15971	14.57	10.72	3.74	0.3023	       	       	       	0.094	2	best	0.3	1	85	1	1	Fig
220115919	56.76572	23.61632	15.35	10.6	4.64	2.4577	       	       	       	0.03	1	best	2.47	1	     	1	1	Fig
211046494	56.77825	23.71517	12.33	9.84	2.38	8.4781	3.8502	       	       	0.014	4	best	7.63	1	5.2	1	1	Fig
211015877	56.7806	23.22633	13.52	10.4	3.01	0.3889	       	       	       	0.12	1	best	0.39	1	85	1	1	Fig
211089267	56.78281	24.39386	     	13.1	5.54	3.9054	       	       	       	0.02	1	best	0.81	1	     	1	1	Fig
211083672	56.78391	24.30683	16.95	11.9	4.94	1.8237	       	       	       	0.013	1	best	1.83	0	     	1	1	Fig
211046240	56.78558	23.71081	13.51	9.83	3.57	1.616	1.3221	       	       	0.016	1	best	2.65	1	     	1	1	Fig
211067634	56.78826	24.05219	     	11.69	4.78	0.2679	       	       	       	0.025	1	best	     	0	     	1	1	Fig
211048126	56.78931	23.74218	15.22	10.66	4.45	0.8446	0.6028	       	       	0.017	1	best	1.21	1	17	1	1	Fig
211029076	56.78963	23.43236	     	13.05	5.44	0.4739	       	       	       	0.019	1	best	     	0	     	1	1	Fig
211081656	56.79189	24.27667	9.46	8.28	1.07	0.775	       	       	       	0.004	1	best	     	0	85	1	1	Fig
211078698	56.79592	24.23103	19.34	13.39	5.84	0.4019	       	       	       	0.032	1	best	0.4	1	     	1	1	Fig
211046446	56.80637	23.71431	12.53	10.1	2.32	7.8496	       	       	       	0.042	3	best	8.18	1	5.3	1	1	Fig
211053549	56.80691	23.8315	15.78	11.09	4.58	0.5326	0.5187	       	       	0.044	1	best	0.53	0	42	1	1	Fig
211132712	56.8137	25.11541	16.7	11.48	5.11	1.1254	       	       	       	0.024	1	ok  	     	0	     	1	1	Fig
211029254	56.81406	23.43503	     	12.5	5.46	0.8818	       	       	       	0.037	1	best	     	0	     	1	1	Fig
211089146	56.81434	24.39197	     	12.81	5.84	0.31	       	       	       	0.032	1	best	     	0	     	1	1	Fig
211111473	56.8185	24.74731	     	12.51	5.89	0.2628	       	       	       	0.012	1	best	     	0	     	1	1	Fig
211072160	56.819	24.12834	8.69	7.48	1.1	7.5994	8.899	       	       	0.002	3	best	     	0	     	1	1	Fig
211089068	56.82526	24.39077	12.7	9.77	2.82	9.7733	       	       	       	0.038	2	best	4.56	1	5.1	1	1	Fig
211078690	56.82554	24.23092	     	12.28	5.84	0.3239	0.1677	       	       	0.024	1	ok  	1.08	1	     	1	1	Fig
211131087	56.8368	25.08676	15.75	11.14	4.5	3.694	       	       	       	0.034	1	best	1.37	1	     	1	1	Fig
211024494	56.84173	23.36019	     	12.73	5.4	0.3687	       	       	       	0.061	1	best	     	0	     	1	1	Fig
211079188	56.84324	24.23859	     	13.21	6.31	0.1749	0.1584	       	       	0.015	1	best	     	0	     	1	1	Fig
211047718	56.84449	23.73527	     	12.44	5.26	0.6801	       	       	       	0.061	1	best	     	0	     	1	1	Fig
210996662	56.84541	22.92212	8.13	7.52	0.5	1.456	       	       	       	0.002	1	best	     	0	     	1	1	Fig
211117529	56.84572	24.84894	17.16	11.85	5.2	0.9252	       	       	       	0.025	1	best	     	0	     	1	1	Fig
211011030	56.84938	23.14919	17.33	12.07	5.15	1.6638	       	       	       	0.021	1	best	1.66	0	     	1	1	Fig
211080295	56.85461	24.25481	     	13.06	5.48	1.1885	       	       	       	0.02	1	best	     	0	     	1	1	Fig
211134185	56.85745	25.14251	16.91	11.45	5.35	0.1357	0.3173	       	       	0.069	1	best	0.12	1	     	1	1	Fig
211041526	56.86152	23.63407	     	12.29	5.51	0.4291	0.2708	       	       	0.017	1	best	     	0	     	1	1	Fig
211044267	56.86177	23.67836	7.77	7.34	0.32	0.0587	0.0313	0.0613	0.0306	0.005	1	best	     	0	     	1	1	Fig
211030057	56.86714	23.44821	     	11.9	5.04	0.5572	       	       	       	0.027	1	best	     	0	     	1	1	Fig
211107116	56.86843	24.6759	     	12.87	5.18	0.9834	       	       	       	0.021	1	best	     	0	     	1	1	Fig
211056628	56.87327	23.88046	     	14.11	6.68	0.2768	       	       	       	0.03	1	best	     	0	     	1	1	Fig
211036595	56.87468	23.55422	     	13.82	6.38	0.3079	       	       	       	0.039	1	best	     	0	     	1	1	Fig
211087739	56.87747	24.37055	15.82	11.37	4.34	2.7628	       	       	       	0.032	2	best	2.78	1	     	1	1	Fig
210886447	56.8797	21.18096	     	12.82	5.52	0.5596	       	       	       	0.043	1	best	     	0	     	1	1	Fig
211056099	56.88182	23.87205	     	12.85	5.48	0.4855	       	       	       	0.031	1	best	     	0	     	1	1	Fig
211075014	56.88331	24.17358	     	12.83	5.5	0.6538	       	       	       	0.011	1	best	     	0	     	1	1	Fig
211090001	56.8839	24.40516	     	13.08	5.3	0.3972	       	       	       	0.018	1	ok  	     	0	     	1	1	Fig
211021098	56.88409	23.30655	     	12.56	4.95	1.2508	       	       	       	0.027	1	ok  	     	0	     	1	1	Fig
211045153	56.8894	23.6925	15.74	10.93	4.7	0.4226	0.6024	       	       	0.025	1	best	0.6	1	27	1	1	Fig
211107623	56.89032	24.68422	12.86	10.08	2.67	8.5982	       	       	       	0.04	3	best	8.41	1	3.3	1	1	Fig
210922592	56.89234	21.74684	12.32	9.9	2.31	7.5554	       	       	       	0.031	3	best	7.6	1	     	1	1	Fig
210989043	56.89492	22.80135	     	12.15	5.11	0.6966	       	       	       	0.046	2	best	     	0	     	1	1	Fig
211118985	56.8994	24.87415	18.78	12.84	5.83	0.2084	       	       	       	0.027	1	best	0.42	0	     	1	1	Fig
211031682	56.90012	23.47414	     	13.28	5.68	0.2819	       	       	       	0.032	1	best	     	0	     	1	1	Fig
211090094	56.90688	24.40647	     	12.83	5.61	0.7538	       	       	       	0.037	1	best	0.77	1	     	1	1	Fig
211031293	56.90836	23.46805	13.51	10.32	3.08	8.4106	       	       	       	0.068	3	best	8.37	1	5.3	1	1	Fig
211115713	56.90852	24.81974	16.53	11.7	4.72	2.3229	       	       	       	0.036	1	best	     	0	     	1	1	Fig
211119999	56.90865	24.89183	14.21	10.61	3.49	0.582	       	       	       	0.077	1	best	0.58	1	42	1	1	Fig
211093429	56.91397	24.45893	17.56	12.16	5.29	0.519	       	       	       	0.026	1	best	0.52	0	     	1	1	Fig
211001714	56.91576	23.0013	18.73	13.22	5.4	0.4571	       	       	       	0.041	1	best	     	0	     	1	1	Fig
211083317	56.91822	24.30193	13.97	10.34	3.52	0.3067	       	       	       	0.049	1	best	0.31	1	105	1	1	Fig
211087357	56.91853	24.36459	10.53	8.94	1.48	3.252	3.4661	       	       	0.032	3	best	3.25	1	13.6	1	1	Fig
210997197	56.92073	22.93001	12.49	9.36	3.02	1.7668	0.8056	       	       	0.036	1	best	0.45	1	9.6	1	1	Fig
211048014	56.92158	23.74029	13.99	10.57	3.31	0.7814	       	       	       	0.055	2	best	0.78	1	32	1	1	Fig
211062662	56.92265	23.97194	13.58	10.31	3.16	0.483	       	       	       	0.076	2	best	0.48	1	50	1	1	Fig
211045643	56.93603	23.7009	     	12.7	5.34	0.4458	       	       	       	0.023	3	best	     	0	     	1	1	Fig
211104535	56.94128	24.63373	     	12.54	5.77	0.2962	0.2812	       	       	0.021	1	best	     	0	     	1	1	Fig
211138781	56.94938	25.22625	     	12.09	5.57	0.6111	       	       	       	0.031	1	best	     	0	     	1	1	Fig
211015308	56.95046	23.21814	11.15	9.3	1.74	5.1371	       	       	       	0.009	3	best	5.06	1	2.4	1	1	Fig
211091536	56.9574	24.4287	18.18	12.69	5.38	0.8216	       	       	       	0.033	1	best	     	0	     	1	1	Fig
211096432	56.96228	24.50522	16.15	11.47	4.57	1.4175	       	       	       	0.02	1	best	1.42	1	     	1	1	Fig
211043323	56.96647	23.66339	     	13.07	5.47	0.94	       	       	       	0.03	1	best	     	0	     	1	1	Fig
211060621	56.96883	23.94128	9.88	8.57	1.2	2.8022	3.0929	1.4012	       	0.006	1	best	     	0	20.1	1	1	Fig
211001183	56.97027	22.99279	17.64	12.16	5.37	0.5169	0.3931	       	       	0.016	1	best	     	0	     	1	1	Fig
211021827	56.98028	23.31833	17.33	12.15	5.07	1.3661	       	       	       	0.021	1	best	1.37	0	     	1	1	Fig
211080546	56.98596	24.25887	     	13.31	5.82	0.7302	       	       	       	0.019	1	best	     	0	     	1	1	Fig
210945565	56.99175	22.1142	     	14.32	7.13	0.3443	       	       	       	0.048	1	best	     	0	     	1	1	Fig
211101996	56.99737	24.5937	     	13.6	5.82	0.8448	       	       	       	0.047	1	best	0.84	1	     	1	1	Fig
211110500	56.99889	24.73134	13.5	10.06	3.33	0.7364	       	       	       	0.061	1	best	0.74	1	35	1	1	Fig
211027306	57.02072	23.40385	     	13.94	5.95	0.238	       	       	       	0.017	1	best	     	0	     	1	1	Fig
211003744	57.02425	23.03414	16.16	11.55	4.5	1.562	       	       	       	0.058	1	best	1.56	1	10	1	1	Fig
211056865	57.02443	23.88364	     	13.27	5.68	0.5561	       	       	       	0.029	1	best	     	0	     	1	1	Fig
211064559	57.02766	24.00193	     	12.54	5.37	0.6242	       	       	       	0.04	1	best	     	0	     	1	1	Fig
211143504	57.03197	25.31534	13.94	10.34	3.49	0.446	       	       	       	0.097	1	ok  	0.45	1	     	1	1	Fig
211047990	57.03317	23.73992	17.3	12.18	5.01	0.5148	       	       	       	0.056	1	best	0.51	0	13	1	1	Fig
211045994	57.03727	23.70653	     	12.77	5.43	0.7512	       	       	       	0.058	1	best	     	0	     	1	1	Fig
211063049	57.03839	23.97799	     	12.65	5.16	0.9637	       	       	       	0.025	1	best	     	0	     	1	1	Fig
211001695	57.0424	23.00114	14.55	11	3.44	6.5481	       	       	       	0.065	2	ok  	6.48	1	     	1	1	Fig
211063723	57.04239	23.98898	     	13.51	5.96	0.6734	       	       	       	0.021	1	best	     	0	     	1	1	Fig
211033726	57.04577	23.50702	14.1	10.69	3.3	8.1854	7.1054	3.8412	       	0.013	1	best	1.15	1	5	1	1	Fig
210860152	57.04755	20.77852	     	12.24	5.49	0.6299	       	       	       	0.023	1	best	     	0	     	1	1	Fig
211063134	57.05547	23.97972	17.81	12.39	5.31	0.8237	       	       	       	0.016	1	best	     	0	     	1	1	Fig
211084436	57.05645	24.31842	8.27	7.35	0.81	1.6856	1.7951	1.5963	0.1569	0.004	1	best	     	0	     	1	1	Fig
211041474	57.05737	23.63319	17.72	12.11	5.5	1.8306	       	       	       	0.045	1	best	1.83	0	     	1	1	Fig
211029245	57.06349	23.4349	     	12.56	5.16	0.6994	       	       	       	0.027	1	best	     	0	     	1	1	Fig
211045648	57.06362	23.701	17.11	11.78	5.22	0.367	0.3534	       	       	0.024	1	best	     	0	     	1	1	Fig
211139647	57.0645	25.24353	     	12.99	5.5	0.4809	       	       	       	0.052	1	best	     	0	     	1	1	Fig
211038622	57.067	23.58762	     	12.65	5.77	0.3949	0.6303	       	       	0.013	1	best	     	0	     	1	1	Fig
211138217	57.07026	25.21517	9.13	7.86	1.16	6.7219	3.0162	5.9606	       	0.003	3	best	     	0	22.7	1	1	Fig
211041683	57.07045	23.6368	10.13	8.76	1.26	2.4534	2.6121	       	       	0.009	3	best	     	0	19.6	1	1	Fig
211057320	57.07134	23.89038	10.4	8.91	1.38	3.8184	4.1542	       	       	0.021	3	best	3.85	1	11.2	1	1	Fig
211096385	57.07204	24.50442	14.29	10.69	3.49	5.4934	       	       	       	0.075	3	best	5.6	1	6.5	1	1	Fig
211051985	57.07233	23.80659	     	12.78	5.36	0.4915	       	       	       	0.031	1	best	     	0	     	1	1	Fig
210942652	57.07334	22.06703	     	12.61	5.21	0.7353	       	       	       	0.029	1	best	     	0	     	1	1	Fig
211128863	57.07371	25.04788	10.94	9.16	1.67	4.5347	4.9932	       	       	0.027	3	best	4.49	1	10.1	1	1	Fig
211057388	57.07506	23.89151	     	10.94	3.55	3.8161	4.1507	       	       	0.043	4	best	     	0	     	1	1	Fig
211039634	57.08264	23.60333	16.12	11.47	4.54	1.033	       	       	       	0.03	1	best	0.52	1	     	1	1	Fig
211121361	57.08453	24.91532	17.09	11.6	5.38	0.6438	0.5027	       	       	0.061	1	best	     	0	23	1	1	Fig
211034343	57.08575	23.51708	     	13.51	5.93	0.2571	       	       	       	0.041	1	best	     	0	     	1	1	Fig
211101098	57.08969	24.57879	     	12.96	5.5	0.7157	       	       	       	0.03	1	best	     	0	     	1	1	Fig
210993561	57.09437	22.8727	16.14	11.48	4.55	1.1389	       	       	       	0.027	1	best	     	0	20	1	1	Fig
211030912	57.09458	23.46196	     	12.81	5.52	0.293	       	       	       	0.041	1	best	     	0	     	1	1	Fig
211062705	57.09486	23.97254	14.84	10.51	4.22	2.4666	0.3675	       	       	0.03	1	best	2.47	1	13	1	1	Fig
211115457	57.09501	24.8149	17.1	12.02	4.97	1.7216	       	       	       	0.037	1	best	     	0	10	1	1	Fig
211010149	57.09966	23.13568	     	13.15	5.62	0.3215	       	       	       	0.031	1	best	     	0	     	1	1	Fig
211079332	57.10515	24.24056	     	11.99	5.5	0.7114	       	       	       	0.066	1	best	     	0	     	1	1	Fig
210951703	57.10627	22.21159	14.02	10.6	3.31	0.3992	       	       	       	0.114	1	best	0.4	1	     	1	1	Fig
211139723	57.10848	25.24475	15.46	11.09	4.26	1.634	       	       	       	0.06	1	best	1.63	1	     	1	1	Fig
211067419	57.10902	24.04844	10.01	8.66	1.24	2.491	2.5937	       	       	0.013	1	best	     	0	15.4	1	1	Fig
211013604	57.11079	23.19161	17.45	11.36	5.98	0.4627	       	       	       	0.076	1	ok  	0.46	0	58	1	1	Fig
211020742	57.11678	23.30077	12.66	9.85	2.7	0.2353	       	       	       	0.061	1	best	0.23	1	140	1	1	Fig
211062438	57.12399	23.96833	     	13.02	5.53	0.6205	       	       	       	0.014	1	best	     	0	     	1	1	Fig
211086138	57.12538	24.34559	6.95	6.57	0.27	0.3075	0.2972	0.3182	10.9869	0.004	1	best	     	0	     	1	1	Fig
211081985	57.12937	24.28148	15.99	11.34	4.54	0.258	       	       	       	0.039	1	best	     	0	     	1	1	Fig
211066477	57.13264	24.03301	18.3	12.85	5.34	0.4896	       	       	       	0.052	1	best	0.49	0	     	1	1	Fig
211066484	57.14073	24.03306	     	12.93	5.24	1.3602	       	       	       	0.02	1	best	     	0	     	1	1	Fig
211029232	57.1438	23.43481	10.33	8.9	1.32	2.885	       	       	       	0.015	1	best	2.89	1	14.2	1	1	Fig
210994964	57.1466	22.89514	20.71	13.75	6.85	0.2113	       	       	       	0.071	4	best	     	0	52	1	1	Fig
211076761	57.14786	24.20091	19.67	13.21	6.35	0.5216	       	       	       	0.056	1	best	0.52	0	     	1	1	Fig
211116917	57.16375	24.83891	     	13.42	5.8	0.2656	       	       	       	0.024	1	best	     	0	     	1	1	Fig
211077464	57.16627	24.21194	     	11.85	4.75	0.9204	       	       	       	0.027	1	best	     	0	     	1	1	Fig
211103033	57.16844	24.60951	     	12.33	5.27	0.8848	       	       	       	0.047	1	best	     	0	     	1	1	Fig
211127395	57.16914	25.02226	     	13.61	6.34	0.7565	       	       	       	0.046	1	best	     	0	     	1	1	Fig
211016654	57.17075	23.2382	     	12.03	5.51	0.2671	0.1702	       	       	0.038	1	best	     	0	     	1	1	Fig
211126627	57.17557	25.00793	16.61	11.72	4.78	0.3368	       	       	       	0.046	1	best	     	0	64	1	1	Fig
211018096	57.18288	23.25985	8.37	7.66	0.6	0.0356	0.0479	0.0409	       	0.002	1	best	     	0	     	1	1	Fig
211132233	57.18349	25.1063	     	12.62	5.34	0.5	       	       	       	0.043	1	best	     	0	     	1	1	Fig
211103923	57.18618	24.62324	     	14.03	6.45	0.3484	       	       	       	0.038	1	best	     	0	     	1	1	Fig
211103969	57.18896	24.62401	     	13.17	5.67	0.1238	       	       	       	0.016	1	best	1.68	1	     	1	1	Fig
211023137	57.18931	23.33887	13.55	10.38	3.06	3.92	       	       	       	0.057	3	best	3.88	1	9.8	1	1	Fig
210942842	57.1941	22.07022	     	9.53	2.49	6.2883	       	       	       	0.069	3	best	6.22	1	     	1	1	Fig
210901321	57.20091	21.41134	     	12.64	5.36	0.6231	       	       	       	0.064	2	best	     	0	     	1	1	Fig
211027879	57.20325	23.41339	     	13.21	5.72	0.374	       	       	       	0.032	1	best	     	0	     	1	1	Fig
211081096	57.20394	24.26743	10.93	8.82	2	5.0921	       	       	       	0.045	3	best	5.07	1	5.6	1	1	Fig
211063000	57.2055	23.97732	12.65	9.99	2.55	0.5503	       	       	       	0.121	1	best	0.55	1	77	1	1	Fig
211006328	57.21108	23.07507	     	13.11	5.63	0.3617	       	       	       	0.01	1	best	     	0	     	1	1	Fig
211087131	57.23185	24.36121	20.6	14.1	6.39	0.1267	       	       	       	0.039	1	best	     	0	     	1	1	Fig
211085091	57.23895	24.32884	15.91	11.05	4.75	1.706	1.8515	       	       	0.026	1	best	     	0	     	1	1	Fig
211007577	57.24284	23.09424	16.35	11.67	4.57	13.6986	       	       	       	0.012	1	best	     	0	     	1	1	Fig
211014186	57.24369	23.20122	11.54	9.38	2.05	6.0067	       	       	       	0.031	3	best	3.04	1	6	1	1	Fig
211120664	57.25408	24.90282	16.95	11.81	5.03	1.4972	       	       	       	0.014	1	best	     	0	     	1	1	Fig
211000411	57.25416	22.98044	15.39	11.15	4.13	8.5889	       	       	       	0.047	3	best	8.41	1	7	1	1	Fig
211041750	57.25477	23.63769	     	13.58	5.97	0.3242	       	       	       	0.031	1	best	     	0	     	1	1	Fig
211017570	57.2597	23.25246	11.71	9.7	1.9	6.1535	       	       	       	0.014	3	best	3.06	1	4	1	1	Fig
210933044	57.26231	21.91312	     	13.37	5.74	0.6738	       	       	       	0.024	1	best	     	0	     	1	1	Fig
211047980	57.27441	23.73975	15.31	10.79	4.41	0.8288	1.4228	       	       	0.029	1	best	0.58	1	20	1	1	Fig
211008337	57.27466	23.10613	     	12.24	5.06	1.1187	       	       	       	0.047	2	best	     	0	     	1	1	Fig
211050460	57.27545	23.78127	10.87	8.58	2.18	0.7768	0.1541	       	       	0.037	1	best	0.78	1	6.9	1	1	Fig
211086260	57.29595	24.34758	17.42	12.18	5.13	2.0109	       	       	       	0.032	1	best	2.01	0	     	1	1	Fig
210949534	57.29681	22.17679	13.8	10.1	3.59	5.9405	0.849	       	       	0.029	3	best	5.6	1	     	1	1	Fig
211036665	57.29698	23.55524	14.23	10.57	3.55	1.4162	       	       	       	0.022	1	ok  	1.42	1	23	1	1	Fig
211104722	57.29885	24.6366	10.44	8.95	1.38	4.2628	       	       	       	0.018	3	best	4.67	1	10.3	1	1	Fig
211057064	57.3008	23.88683	8.12	7.58	0.43	0.0559	0.0322	       	       	0.003	1	best	     	0	     	1	1	Fig
211016037	57.30127	23.22835	14.48	10.72	3.65	5.3258	       	       	       	0.027	3	best	5.32	1	5.4	1	1	Fig
211100392	57.31408	24.56728	14.42	10.49	3.82	0.3983	       	       	       	0.063	1	best	0.4	1	73	1	1	Fig
211025773	57.31506	23.38038	19.47	13.41	5.95	0.5256	       	       	       	0.032	1	best	     	0	37	1	1	Fig
211068337	57.31836	24.06367	15.52	10.75	4.66	0.4015	0.5806	       	       	0.021	1	best	     	0	     	1	1	Fig
211089419	57.31996	24.39613	7.52	7.24	0.17	0.2652	       	       	       	0.005	1	best	     	0	     	1	1	Fig
211065427	57.32001	24.01635	     	12.24	5.81	0.3628	       	       	       	0.017	1	ok  	     	0	     	1	1	Fig
211113202	57.33579	24.77667	12.58	9.94	2.53	0.5603	       	       	       	0.039	1	best	0.56	1	45	1	1	Fig
211108263	57.33851	24.69472	     	13.51	5.84	0.4433	       	       	       	0.042	1	best	     	0	     	1	1	Fig
211042656	57.33954	23.6518	17.15	11.98	5.06	0.3389	       	       	       	0.028	1	best	0.34	0	     	1	1	Fig
210915466	57.34377	21.63233	     	12.66	5.64	0.4171	0.2858	       	       	0.022	1	best	     	0	     	1	1	Fig
211054014	57.35021	23.83928	11.35	9.43	1.81	5.5927	       	       	       	0.017	3	best	5.82	1	3.6	1	1	Fig
210958195	57.35643	22.31242	     	13.32	5.82	0.9081	       	       	       	0.021	1	best	     	0	     	1	1	Fig
211004548	57.35665	23.0473	18.92	13.21	5.6	0.3094	       	       	       	0.058	1	best	     	0	     	1	1	Fig
211089916	57.3649	24.40384	     	12.68	5.43	0.3888	       	       	       	0.027	1	best	     	0	     	1	1	Fig
211098117	57.36514	24.53173	15.99	11.26	4.62	0.543	       	       	       	0.011	4	best	0.54	1	     	1	1	Fig
211046315	57.36974	23.71223	11.35	9.43	1.81	5.7139	       	       	       	0.02	3	best	2.93	1	6.4	1	1	Fig
211042471	57.3742	23.64873	     	12.7	5.56	0.37	0.5251	       	       	0.023	1	best	     	0	     	1	1	Fig
211044929	57.38008	23.68885	     	12.76	5.51	0.3013	       	       	       	0.027	1	best	     	0	     	1	1	Fig
211018906	57.38398	23.27173	     	13.48	5.53	0.3855	       	       	       	0.031	1	best	     	0	     	1	1	Fig
211059767	57.38556	23.92852	17.91	12.44	5.36	0.7781	       	       	       	0.084	1	best	0.78	0	     	1	1	Fig
211027758	57.3857	23.41146	17.92	12.35	5.46	0.3933	0.3132	       	       	0.013	1	best	     	0	     	1	1	Fig
211025770	57.38634	23.38041	9.14	8.04	0.99	0.2389	0.4767	       	       	0.001	1	best	     	0	130	1	1	Fig
211098279	57.38763	24.53406	16.58	11.74	4.73	1.5928	       	       	       	0.024	2	best	1.59	1	7	1	1	Fig
211051330	57.388	23.79542	10.93	9.19	1.63	4.9432	       	       	       	0.014	3	best	4.88	1	3.5	1	1	Fig
211030481	57.39547	23.45468	14.35	10.42	3.82	1.2809	       	       	       	0.055	1	best	1.29	1	     	1	1	Fig
210815768	57.39895	20.10804	     	12.92	5.87	0.2999	       	       	       	0.023	1	best	     	0	     	1	1	Fig
210947895	57.39949	22.15148	13.98	10.02	3.85	0.2471	0.3241	       	       	0.04	1	best	0.25	1	     	1	1	Fig
211020101	57.41415	23.29012	11.1	9.29	1.7	5.0132	       	       	       	0.04	3	best	5.03	1	8.8	1	1	Fig
210829886	57.42091	20.32433	     	9.85	3.68	1.6493	       	       	       	0.063	3	ok  	     	0	     	1	1	Fig
211017407	57.42137	23.24989	     	13.12	6.32	0.1971	       	       	       	0.026	1	best	     	0	     	1	1	Fig
210934634	57.42374	21.93875	     	13.76	6.37	0.3971	       	       	       	0.051	1	best	     	0	     	1	1	Fig
211093684	57.42612	24.46306	12.19	9.79	2.29	7.2745	8.454	       	       	0.046	3	best	7.29	1	6.3	1	1	Fig
211084463	57.42793	24.31883	     	11.99	5.48	0.4441	       	       	       	0.023	1	best	     	0	     	1	1	Fig
211046293	57.43137	23.71188	     	6.25	-0.19	0.1765	       	       	       	0.002	1	best	     	0	     	1	1	Fig
210949721	57.45181	22.18016	     	11.99	4.93	1.6719	       	       	       	0.071	2	best	     	0	     	1	1	Fig
211045933	57.45982	23.70563	11.49	9.55	1.83	6.8472	       	       	       	0.019	3	best	6.93	1	5.1	1	1	Fig
210872577	57.45988	20.96676	     	12.41	5.24	0.857	       	       	       	0.016	1	best	     	0	     	1	1	Fig
210894583	57.4658	21.30734	15.63	10.92	4.6	0.4722	0.3702	       	       	0.021	1	ok  	0.37	1	     	1	1	Fig
211070577	57.48117	24.10145	     	12.63	5.39	0.5612	       	       	       	0.038	1	best	0.56	0	     	1	1	Fig
210833622	57.48359	20.38132	     	12.63	5.45	1.0465	       	       	       	0.019	1	best	     	0	     	1	1	Fig
211015348	57.48536	23.21864	10.27	8.82	1.34	2.1762	       	       	       	0.012	1	best	2.12	1	13.8	1	1	Fig
211047055	57.49012	23.72453	     	13.39	5.9	0.3019	       	       	       	0.099	1	best	0.3	0	     	1	1	Fig
211054599	57.49189	23.84869	6.73	6.51	0.11	1.6412	1.5886	0.7875	       	0.002	1	best	     	0	     	1	1	Fig
211046168	57.49306	23.70943	16.33	11.57	4.65	1.3418	       	       	       	0.047	1	best	1.34	1	     	1	1	Fig
211076441	57.49806	24.19611	     	13.55	5.93	1.0385	       	       	       	0.021	1	best	     	0	     	1	1	Fig
211055468	57.50904	23.86245	     	11.99	4.93	0.6757	       	       	       	0.038	4	best	     	0	     	1	1	Fig
211020988	57.5208	23.30485	     	13.4	5.71	0.321	       	       	       	0.022	1	best	     	0	     	1	1	Fig
211071889	57.52108	24.12398	14.02	10.59	3.32	6.4254	       	       	       	0.059	4	best	6.44	1	5.7	1	1	Fig
211156183	57.53504	25.54891	     	12.38	5.26	1.7487	       	       	       	0.045	1	best	     	0	     	1	1	Fig
211064196	57.55108	23.99589	15.49	10.85	4.53	1.8401	       	       	       	0.022	1	best	     	0	11	1	1	Fig
211059658	57.55186	23.92673	     	12.12	5.68	0.3645	0.3564	       	       	0.019	1	best	     	0	     	1	1	Fig
211149525	57.56144	25.42505	     	12.92	5.51	0.6652	       	       	       	0.022	1	best	     	0	     	1	1	Fig
211078413	57.5636	24.22672	17.54	12.38	5.05	1.1204	       	       	       	0.063	1	best	     	0	     	1	1	Fig
211147023	57.57358	25.37955	9.65	8.38	1.16	1.857	1.7823	       	       	0.004	1	best	     	0	     	1	1	Fig
211007717	57.58875	23.09639	11.36	9.33	1.92	5.3657	       	       	       	0.023	3	best	5.39	1	5.7	1	1	Fig
210950265	57.59546	22.18836	14.51	10.59	3.81	1.8957	       	       	       	0.05	2	best	1.89	1	     	1	1	Fig
210855272	57.60395	20.70505	14.69	10.94	3.64	17.597	       	       	       	0.004	1	ok  	     	0	     	1	1	Fig
211059754	57.60477	23.92833	     	12.77	5.35	0.6601	       	       	       	0.029	1	best	     	0	     	1	1	Fig
211025708	57.61392	23.37921	     	12.54	5.41	0.9801	       	       	       	0.066	1	best	     	0	     	1	1	Fig
211005706	57.61592	23.06531	     	12.94	5.46	0.5589	       	       	       	0.02	1	best	     	0	     	1	1	Fig
210947594	57.63309	22.1466	     	12.12	5.09	1.0933	       	       	       	0.016	2	best	     	0	     	1	1	Fig
210830104	57.64106	20.32744	     	14	6.78	1.128	       	       	       	0.024	1	best	     	0	     	1	1	Fig
211149600	57.64882	25.42651	12.1	9.58	2.41	0.3144	       	       	       	0.115	1	best	0.31	1	     	1	1	Fig
210967901	57.65585	22.46899	     	12.37	5.3	1.7941	       	       	       	0.069	2	best	1.79	0	     	1	1	Fig
211015258	57.66213	23.21744	16.6	11.75	4.74	0.8891	0.2966	       	       	0.011	1	best	0.89	0	     	1	1	Fig
211147822	57.66373	25.39377	12.45	9.43	2.91	0.5789	0.8204	       	       	0.038	1	best	0.58	1	     	1	1	Fig
211060078	57.66698	23.93306	10.29	8.81	1.37	2.1644	2.2668	       	       	0.032	1	best	2.17	1	22	1	1	Fig
211161968	57.67163	25.65856	     	13.28	5.89	0.3277	       	       	       	0.03	1	best	     	0	     	1	1	Fig
211022539	57.71433	23.3291	12.51	10.01	2.39	8.4496	3.8914	       	       	0.011	1	best	7.89	1	4	1	1	Fig
211062007	57.7185	23.96154	6.93	6.58	0.24	0.3064	0.3389	0.9656	0.4081	0.003	1	best	     	0	     	1	1	Fig
211053737	57.72633	23.83489	11.57	9.05	2.41	6.6498	5.3667	       	       	0.028	3	best	5.16	1	7.8	1	1	Fig
211158092	57.73586	25.58519	16.89	11.58	5.2	2.0791	       	       	       	0.033	1	best	     	0	     	1	1	Fig
211059775	57.74235	23.92857	     	12.77	5.31	0.461	       	       	       	0.029	1	best	     	0	     	1	1	Fig
211129308	57.75963	25.05547	13.47	10.37	2.99	5.7885	       	       	       	0.039	4	ok  	     	0	     	1	1	Fig
211038382	57.76362	23.58348	     	13.39	5.8	1.6572	       	       	       	0.016	1	best	     	0	     	1	1	Fig
210963935	57.7663	22.40479	     	10.73	3.77	3.4151	       	       	       	0.036	2	best	     	0	     	1	1	Fig
211023807	57.77959	23.34938	     	12.89	5.27	0.5784	       	       	       	0.03	1	best	     	0	     	1	1	Fig
211048321	57.79948	23.74539	     	13.42	5.64	1.9607	       	       	       	0.018	1	best	     	0	     	1	1	Fig
211060049	57.8003	23.93263	14.86	10.9	3.85	4.5971	       	       	       	0.087	2	best	4.56	1	9	1	1	Fig
211147423	57.80769	25.38656	     	11.97	5.08	0.5336	       	       	       	0.09	1	best	     	0	     	1	1	Fig
211019565	57.81589	23.28227	14.84	10.82	3.91	0.4479	       	       	       	0.071	1	best	     	0	53	1	1	Fig
210878635	57.81922	21.05975	     	12.38	5.44	0.4748	       	       	       	0.036	1	best	     	0	     	1	1	Fig
211053255	57.82023	23.8266	12.41	9.95	2.35	7.9471	       	       	       	0.017	4	best	7.96	1	5.4	1	1	Fig
211011910	57.83114	23.16379	     	12.17	5.18	0.9248	       	       	       	0.058	1	best	     	0	     	1	1	Fig
211135523	57.84222	25.16613	     	10.65	3.53	7.5694	       	       	       	0.048	4	best	     	0	     	1	1	Fig
210945519	57.84946	22.11339	13.19	10.2	2.88	6.4306	       	       	       	0.042	4	best	6.37	1	     	1	1	Fig
211131748	57.84952	25.09802	16.52	11.77	4.64	4.391	       	       	       	0.019	1	best	     	0	     	1	1	Fig
211138883	57.90168	25.228	     	12.09	5.41	0.6928	0.7786	       	       	0.025	1	best	     	0	     	1	1	Fig
211013066	57.90842	23.18317	13.47	10.03	3.33	3.9578	       	       	       	0.035	2	best	3.94	1	7.1	1	1	Fig
211025002	57.91277	23.36795	     	13.12	5.49	0.3185	       	       	       	0.023	1	best	     	0	     	1	1	Fig
211125210	57.9185	24.98318	10.94	9.14	1.69	3.3701	       	       	       	0.029	1	best	3.48	1	14.6	1	1	Fig
210917754	57.92535	21.66836	11.48	9.45	1.92	5.4447	2.5443	       	       	0.013	3	best	5.1	1	     	1	1	Fig
211020371	57.9631	23.29484	     	11.72	4.77	0.8689	       	       	       	0.034	1	best	     	0	     	1	1	Fig
211038222	57.96475	23.58041	     	13.39	5.84	0.8344	       	       	       	0.025	1	best	     	0	     	1	1	Fig
210927253	57.9648	21.82142	     	12.34	5.34	0.813	1.3089	       	       	0.07	1	best	     	0	     	1	1	Fig
210927331	57.96621	21.82277	     	12.04	5.08	1.3131	       	       	       	0.046	1	best	     	0	     	1	1	Fig
211036881	57.97709	23.55882	17.27	11.78	5.38	0.5778	0.3809	       	       	0.072	1	best	0.58	0	     	1	1	Fig
211023176	57.98889	23.33943	13.15	10.2	2.84	7.3022	       	       	       	0.049	3	best	7.63	1	6.2	1	1	Fig
211106636	57.99507	24.66796	     	11.9	4.85	0.3363	       	       	       	0.014	1	best	     	0	     	1	1	Fig
211106535	57.99715	24.6664	     	12.05	4.97	0.9618	       	       	       	0.05	1	best	     	0	     	1	1	Fig
211127537	58.00682	25.02486	     	12.65	5.17	0.7129	       	       	       	0.034	1	best	     	0	     	1	1	Fig
211106344	58.00933	24.6633	12.1	9.06	2.93	0.2931	0.4319	       	       	0.026	1	ok  	0.43	1	     	1	1	Fig
211132111	58.01095	25.1042	     	12.84	5.51	0.5099	       	       	       	0.032	1	best	     	0	     	1	1	Fig
211127297	58.0149	25.02055	     	12.97	5.45	0.6317	       	       	       	0.03	1	best	     	0	     	1	1	Fig
210923443	58.01822	21.7609	     	13.29	5.84	0.8865	       	       	       	0.025	1	best	     	0	     	1	1	Fig
210974893	58.02321	22.58205	16.19	11.48	4.6	1.9861	       	       	       	0.019	1	best	     	0	     	1	1	Fig
210939705	58.02773	22.02073	     	13.12	5.56	0.4687	       	       	       	0.037	1	best	     	0	     	1	1	Fig
211151674	58.03311	25.46521	     	13.27	5.82	0.4606	       	       	       	0.038	1	best	     	0	     	1	1	Fig
210866482	58.0467	20.87607	     	12.6	5.48	0.3228	       	       	       	0.032	1	best	     	0	     	1	1	Fig
211093203	58.07309	24.45549	     	12.48	5.33	0.5971	       	       	       	0.032	1	best	     	0	     	1	1	Fig
210939348	58.07687	22.01489	15.75	11.39	4.25	1.9941	       	       	       	0.027	2	best	1.99	1	     	1	1	Fig
210907442	58.1024	21.50632	     	11.48	4.85	1.8182	       	       	       	0.035	1	ok  	     	1	     	1	1	Fig
211140155	58.13068	25.25217	     	11.91	4.8	1.2294	       	       	       	0.038	1	best	     	0	     	1	1	Fig
210969937	58.14359	22.50217	15.79	11.39	4.29	1.7664	       	       	       	0.047	2	best	1.77	1	     	1	1	Fig
211127164	58.14713	25.01799	     	12.72	6.04	0.5157	0.3289	       	       	0.026	1	best	     	0	     	1	1	Fig
211171449	58.16212	25.84046	     	12.22	5.34	1.057	       	       	       	0.067	1	best	     	0	     	1	1	Fig
211093906	58.18012	24.46631	     	12.93	5.23	0.6929	       	       	       	0.04	1	best	     	0	     	1	1	Fig
211086444	58.18528	24.34988	     	13.13	5.46	0.4562	       	       	       	0.023	1	best	     	0	     	1	1	Fig
211141637	58.18894	25.27986	13.78	10.52	3.15	5.0017	5.5025	       	       	0.052	4	best	5.13	1	     	1	1	Fig
210919084	58.19025	21.68893	     	11.96	5	1.1461	       	       	       	0.062	1	best	     	0	     	1	1	Fig
210920246	58.20288	21.70787	14.76	10.66	3.99	0.553	       	       	       	0.031	1	ok  	0.55	1	     	1	1	Fig
210971348	58.21545	22.52586	     	11.91	5.11	1.1077	       	       	       	0.025	1	best	     	0	     	1	1	Fig
210924735	58.22084	21.78196	11.77	9.35	2.31	1.7525	       	       	       	0.055	2	best	1.76	1	     	1	1	Fig
211124025	58.23298	24.96166	     	14.32	6.42	0.0925	       	       	       	0.055	1	best	     	0	     	1	1	Fig
210965731	58.23733	22.43376	16.32	11.57	4.64	1.29	       	       	       	0.023	1	best	1.29	1	     	1	1	Fig
210880560	58.24312	21.08899	     	12.55	5.7	0.4317	       	       	       	0.014	1	best	     	0	     	1	1	Fig
211150258	58.24488	25.4387	     	13.33	5.74	0.1714	       	       	       	0.024	1	best	     	0	     	1	1	Fig
211120561	58.24641	24.90153	14.51	10.71	3.69	2.4861	       	       	       	0.085	2	best	2.49	1	     	1	1	Fig
211130173	58.27133	25.07104	     	13.85	6.2	0.4744	       	       	       	0.031	1	best	     	0	     	1	1	Fig
211168863	58.28031	25.78935	     	13.3	5.97	0.2923	       	       	       	0.027	1	best	     	0	     	1	1	Fig
211068400	58.34874	24.06506	11.4	9.44	1.85	4.065	4.4836	       	       	0.05	1	best	4.14	1	     	1	1	Fig
211128116	58.35204	25.03533	     	12.55	5.55	0.6341	       	       	       	0.01	1	best	     	0	     	1	1	Fig
210871940	58.38149	20.95754	     	12.92	5.31	0.2773	       	       	       	0.022	1	best	     	0	     	1	1	Fig
211090925	58.42063	24.41939	16.13	11.58	4.44	8.5605	       	       	       	0.097	4	best	     	0	     	1	1	Fig
210863683	58.42924	20.83351	14.78	10.76	3.91	2.7826	       	       	       	0.039	2	best	     	0	     	1	1	Fig
211048116	58.44826	23.74195	17.64	12.28	5.25	0.6775	       	       	       	0.014	1	best	0.68	0	     	1	1	Fig
211177579	58.45943	25.96461	11.05	9.3	1.64	3.2972	3.5489	       	       	0.017	3	best	     	0	     	1	1	Fig
210964780	58.47009	22.41857	12.15	9.41	2.63	6.3353	       	       	       	0.029	4	best	     	0	     	1	1	Fig
210840112	58.49216	20.48045	15.38	10.92	4.35	0.4077	       	       	       	0.08	1	best	     	0	     	1	1	Fig
211101218	58.50155	24.58056	     	13.9	6.64	0.2184	       	       	       	0.065	1	best	     	0	     	1	1	Fig
211063361	58.50289	23.98333	     	11.85	5.12	0.3502	1.8691	       	       	0.017	1	best	     	0	     	1	1	Fig
211085419	58.53719	24.33364	12.48	9.72	2.65	8.1192	9.6098	       	       	0.026	2	best	     	0	     	1	1	Fig
211143325	58.54784	25.31195	     	12.72	5.54	0.4729	       	       	       	0.027	1	best	     	0	     	1	1	Fig
210873256	58.55632	20.9774	     	13.56	5.87	0.3425	       	       	       	0.018	1	best	     	0	     	1	1	Fig
211086170	58.56499	24.34605	     	13.71	6.23	0.1836	       	       	       	0.076	1	best	     	0	     	1	1	Fig
211153286	58.57845	25.49529	12.88	9.81	2.96	7.7415	       	       	       	0.071	4	best	     	0	     	1	1	Fig
211069011	58.58997	24.07564	9.75	8.42	1.22	0.8817	       	       	       	0.012	1	best	     	0	     	1	1	Fig
211041682	58.59363	23.63673	18	12.57	5.32	1.545	       	       	       	0.043	2	best	1.55	0	     	1	1	Fig
211109330	58.60429	24.71214	     	12.76	5.99	0.1772	0.2005	       	       	0.037	1	best	     	0	     	1	1	Fig
211087059	58.60518	24.36008	     	9.09	1.85	0.6897	       	       	       	0.11	1	best	     	0	     	1	1	Fig
210899950	58.61595	21.38977	10.95	9.18	1.66	4.548	5.0317	       	       	0.021	3	best	     	0	     	1	1	Fig
211053776	58.61649	23.83542	13.07	9.66	3.3	3.0576	       	       	       	0.052	2	best	     	0	     	1	1	Fig
211060762	58.61711	23.94344	     	13.75	5.99	0.3486	       	       	       	0.08	1	best	     	0	     	1	1	Fig
211084620	58.61852	24.32115	14.2	10.62	3.47	4.6203	       	       	       	0.035	2	best	     	0	     	1	1	Fig
211163008	58.64004	25.67881	14.72	10.37	4.24	0.6658	1.1915	       	       	0.051	1	best	     	0	27	1	1	Fig
210931244	58.64497	21.88394	15.51	11.18	4.22	2.7745	       	       	       	0.014	1	best	     	0	     	1	1	Fig
211102300	58.66299	24.5985	     	13.77	6.09	0.2253	       	       	       	0.04	1	best	     	0	     	1	1	Fig
211128979	58.6932	25.04984	     	13.34	5.52	0.4016	0.1777	0.1264	       	0.025	1	ok  	     	0	     	1	1	Fig
211154974	58.69385	25.52645	     	12.68	6.02	0.7217	       	       	       	0.027	1	best	0.72	0	     	1	1	Fig
211100931	58.71899	24.57624	13.17	9.83	3.23	8.798	       	       	       	0.046	4	best	     	0	     	1	1	Fig
211139534	58.74177	25.24149	     	11.98	4.96	1.182	       	       	       	0.032	1	best	     	0	     	1	1	Fig
211069510	58.78735	24.08412	     	11.89	4.93	1.828	       	       	       	0.048	2	best	     	0	     	1	1	Fig
210776021	58.80676	19.50472	16.74	11.72	4.91	2.4272	       	       	       	0.014	1	best	     	0	     	1	1	Fig
210784223	58.81555	19.62963	     	9.98	3.12	0.2684	       	       	       	0.096	2	best	     	0	     	1	1	Fig
211139818	58.86269	25.24614	     	13.69	7.15	0.6542	       	       	       	0.034	1	best	     	0	     	1	1	Fig
211049922	58.87085	23.77245	14.12	10.59	3.42	3.0184	       	       	       	0.075	2	best	     	0	     	1	1	Fig
210879932	58.88307	21.07951	11.04	9.17	1.76	5.5586	       	       	       	0.024	3	best	     	0	     	1	1	Fig
211062846	58.89341	23.97461	     	13.26	5.5	0.5027	       	       	       	0.031	1	best	     	0	     	1	1	Fig
210892390	58.91459	21.2728	     	10.9	4.39	1.4066	       	       	       	0.037	2	best	     	0	     	1	1	Fig
211059650	58.95302	23.92677	14.81	10.44	4.26	2.9481	       	       	       	0.025	2	best	     	0	     	1	1	Fig
211142685	58.98505	25.30007	16.79	11.72	4.96	2.4597	       	       	       	0.034	1	best	     	0	     	1	1	Fig
210886244	58.98974	21.17752	16.87	11.76	5	0.5959	       	       	       	0.026	1	best	     	0	     	1	1	Fig
211099297	58.99328	24.54994	12.75	9.92	2.72	7.2256	       	       	       	0.078	2	best	     	0	     	1	1	Fig
210909923	59.01886	21.54522	     	11.16	5.25	0.4704	0.3891	       	       	0.024	1	best	     	0	     	1	1	Fig
210846442	59.04716	20.57508	     	11.84	4.88	1.1199	       	       	       	0.032	2	best	     	0	     	1	1	Fig
211129571	59.04741	25.0602	     	14.23	7.04	0.8741	       	       	       	0.053	1	best	     	0	     	1	1	Fig
210877423	59.05127	21.04085	10.79	8.97	1.71	5.3922	3.4702	1.6431	3.268	0.016	3	best	     	0	     	1	1	Fig
211152884	59.06581	25.48765	     	12.68	5.81	0.4688	       	       	       	0.031	1	best	     	0	     	1	1	Fig
211062206	59.07746	23.96444	15.74	11.28	4.35	1.1343	       	       	       	0.024	1	best	     	0	     	1	1	Fig
210882573	59.09293	21.12144	     	12.02	5.11	0.6128	       	       	       	0.071	2	best	     	0	     	1	1	Fig
211116507	59.09788	24.83243	14.12	10.55	3.46	3.3228	       	       	       	0.095	1	best	     	0	     	1	1	Fig
210769047	59.09967	19.39828	     	12.89	5.7	0.6439	       	       	       	0.019	1	best	     	0	     	1	1	Fig
211007344	59.10409	23.09081	15.3	11.08	4.11	14.5813	       	       	       	0.06	3	best	     	0	     	1	1	Fig
211081949	59.10803	24.28099	15.03	11.01	3.91	2.1138	       	       	       	0.053	1	ok  	2.12	0	     	1	1	Fig
211066413	59.12042	24.03178	17.9	12.64	5.15	0.4551	       	       	       	0.044	1	best	0.46	0	     	1	1	Fig
210986927	59.19914	22.76893	     	10.72	3.56	10.6678	1.0757	       	       	0.022	2	best	     	0	     	1	1	Fig
210804191	59.20811	19.93047	     	12.01	5.1	1.0307	       	       	       	0.062	1	best	     	0	     	1	1	Fig
211065006	59.32017	24.00923	12.79	9.94	2.74	7.2904	       	       	       	0.112	3	best	     	0	     	1	1	Fig
211141632	59.37562	25.27971	     	11.61	4.37	2.6829	       	       	       	0.031	1	best	     	0	     	1	1	Fig
210965709	59.38333	22.4334	     	12.34	5.74	0.4095	       	       	       	0.013	1	best	     	0	     	1	1	Fig
211060969	59.38773	23.94652	     	12.63	5.3	2.1843	       	       	       	0.026	1	best	     	0	     	1	1	Fig
211067702	59.38879	24.05319	12.11	9.86	2.14	7.798	       	       	       	0.021	4	best	     	0	     	1	1	Fig
210996915	59.39414	22.92576	13.88	10.64	3.13	8.9066	       	       	       	0.013	4	ok  	     	0	     	1	1	Fig
211000740	59.39689	22.98566	     	11.65	5.05	0.9594	       	       	       	0.047	2	best	     	0	     	1	1	Fig
211059949	59.40031	23.93124	14.78	10.77	3.9	1.6758	       	       	       	0.045	2	best	     	0	     	1	1	Fig
211140995	59.41944	25.26788	16.64	11.82	4.71	1.4233	       	       	       	0.026	1	best	     	0	     	1	1	Fig
211147344	59.42903	25.38527	     	12.57	5.32	0.5421	       	       	       	0.051	1	best	0.54	0	     	1	1	Fig
210947280	59.45568	22.14204	     	13.9	6.6	0.8022	       	       	       	0.032	1	best	     	0	     	1	1	Fig
211057850	59.50815	23.89857	     	13.07	5.7	0.3022	       	       	       	0.039	1	best	     	0	     	1	1	Fig
211065426	59.60472	24.01635	     	12.49	5.34	0.6209	       	       	       	0.043	1	best	     	0	     	1	1	Fig
211006027	59.62907	23.07028	     	13.13	6.03	0.2924	       	       	       	0.024	1	best	     	0	     	1	1	Fig
210980418	59.64236	22.66985	     	13	5.91	0.6841	       	       	       	0.025	1	best	     	0	     	1	1	Fig
211129321	59.77625	25.05559	16.6	11.46	5.03	0.7786	       	       	       	0.026	1	ok  	     	0	     	1	1	Fig
210967582	59.77935	22.46348	     	12.5	5.8	0.2592	       	       	       	0.04	2	best	     	0	     	1	1	Fig
211082429	59.80381	24.28851	     	12.84	5.48	0.5426	       	       	       	0.054	1	best	     	0	     	1	1	Fig
210791550	59.81933	19.74099	     	12.69	5.47	0.3727	       	       	       	0.041	1	best	     	0	     	1	1	Fig
210974237	59.8454	22.57136	14.33	10.56	3.66	1.8839	       	       	       	0.025	1	best	     	0	     	1	1	Fig
210926194	59.86216	21.80528	     	12.62	5.87	0.9536	       	       	       	0.026	1	best	     	0	     	1	1	Fig
211009416	59.8647	23.12379	13.38	10.13	3.14	0.4423	       	       	       	0.072	1	best	     	0	     	1	1	Fig
210892321	59.88105	21.2719	     	11.84	5	0.7319	       	       	       	0.033	1	best	     	0	     	1	1	Fig
210932705	59.91596	21.90782	     	11.77	4.92	4.0454	       	       	       	0.056	2	best	     	0	     	1	1	Fig
210887995	59.92773	21.20427	     	13.03	5.98	0.547	       	       	       	0.084	1	ok  	     	0	     	1	1	Fig
210944157	59.99935	22.09159	     	12.91	5.27	0.5733	       	       	       	0.019	1	ok  	     	0	     	1	1	Fig
210940839	60.04284	22.03819	     	12.52	5.39	0.5797	       	       	       	0.033	1	best	     	0	     	1	1	Fig
211127799	60.06605	25.0296	     	11.69	4.95	2.7078	       	       	       	0.029	1	best	0.18	0	     	1	1	Fig
211029446	60.10891	23.43825	     	11.96	5.53	0.4124	       	       	       	0.042	1	best	     	0	     	1	1	Fig
211030074	60.16766	23.44842	     	12.79	5.89	0.1296	       	       	       	0.019	1	best	     	0	     	1	1	Fig
211013743	60.22132	23.19391	9.6	8.49	1	1.3944	0.1069	       	       	0.001	1	best	     	0	36.7	1	1	Fig
210833049	60.26719	20.3727	15.47	10.91	4.45	5.3682	       	       	       	0.025	1	ok  	     	0	     	1	1	Fig
210949562	60.29731	22.17732	     	13.12	5.66	0.2419	       	       	       	0.024	1	best	     	0	     	1	1	Fig
211012609	60.30823	23.17506	     	12.03	4.95	1.5063	       	       	       	0.097	2	best	     	0	     	1	1	Fig
210912544	60.3585	21.58582	     	12.26	5.2	1.1983	       	       	       	0.047	1	best	     	0	     	1	1	Fig
210948982	60.45483	22.16818	     	12.24	5.18	0.5601	       	       	       	0.04	1	best	     	0	     	1	1	Fig
211000887	60.46225	22.98777	     	13.87	7.05	0.2352	       	       	       	0.033	1	best	     	0	     	1	1	Fig
211110672	60.48271	24.73407	     	12.35	5.42	0.5678	       	       	       	0.049	1	best	0.57	0	     	1	1	Fig
211010517	60.64488	23.1413	     	12.78	5.2	0.7557	       	       	       	0.556	3	best	     	0	     	1	1	Fig
211033935	60.7082	23.51078	     	12.06	4.89	1.1256	       	       	       	0.018	1	best	     	0	     	1	1	Fig
211057712	60.93263	23.8965	     	12.2	5.73	0.2775	0.3514	       	       	0.03	1	best	     	0	     	1	1	Fig
211046826	60.95649	23.72061	     	13	5.35	0.3081	       	       	       	0.017	1	ok  	     	0	     	1	1	Fig
210839388	61.03515	20.46941	     	10.86	4.3	3.4652	       	       	       	0.021	2	best	     	0	     	1	1	Fig
210941338	61.14493	22.0463	     	12.53	5.42	0.7516	       	       	       	0.011	1	best	     	0	     	1	1	Fig
210957703	61.30712	22.30519	     	12.41	5.8	0.2252	0.2157	       	       	0.017	1	best	     	0	     	1	1	Fig
210975876	61.45863	22.59841	     	12.53	4.91	22.1411	       	       	       	0.067	3	ok  	     	0	     	1	1	Fig
210977069	61.6189	22.61669	     	12.12	5.27	5.2158	       	       	       	0.024	2	best	     	0	     	1	1	Fig
210973624	61.62488	22.56219	     	12.31	5.98	0.5444	0.7642	       	       	0.047	2	ok  	     	0	     	1	1	Fig
210940618	61.73343	22.0347	     	10.83	4.25	1.4102	       	       	       	0.034	1	best	     	0	     	1	1	Fig
210875952	61.95449	21.01827	     	11.85	4.71	0.1537	       	       	       	0.023	1	best	     	0	     	1	1	Fig
211052320	62.51583	23.8122	     	10.92	3.97	6.7602	       	       	       	0.065	4	best	     	0	     	1	1	Fig
